occ_code,occ_title,group_code,group_name,employment,adoption_discount,amplification_multiplier,T01,T02,T03,T04,T05,T06,T07,T08,T09,T10,T11,T12,T13,T14,T15,T16,T17,T18
11-1011,Chief Executives,11,Management,0,0.55,1.8,9,1,7,6,2,8,1,16,1,9,4,8,5,6,14,1,1,1
11-1021,General and Operations Managers,11,Management,0,0.55,1.8,11,1,7,6,2,10,2,11,1,8,3,7,5,5,17,1,2,1
11-2011,Advertising and Promotions Managers,11,Management,0,0.55,1.8,14,2,10,8,2,8,1,18,1,5,5,7,5,3,8,1,1,1
11-2021,Marketing Managers,11,Management,0,0.55,1.8,9,2,8,7,3,9,1,17,1,6,4,8,7,4,13,1,0,0
11-2022,Sales Managers,11,Management,0,0.55,1.8,9,1,6,5,2,7,1,15,1,8,3,8,8,8,17,1,0,0
11-2033,Fundraising Managers,11,Management,0,0.55,1.8,14,2,10,7,1,7,2,18,1,8,3,7,5,4,8,1,1,1
11-3012,Administrative Services Managers,11,Management,0,0.55,1.8,11,1,8,8,2,8,2,12,1,7,3,5,3,5,13,2,6,3
11-3013,Facilities Managers,11,Management,0,0.55,1.8,9,1,7,6,2,9,1,11,1,8,4,7,5,5,12,2,7,3
11-3021,Computer and Information Systems Managers,11,Management,0,0.55,1.8,12,1,8,7,3,10,1,10,1,9,3,8,4,5,14,1,2,1
11-3031,Financial Managers,11,Management,0,0.55,1.8,12,1,9,6,2,8,1,16,1,11,3,8,4,5,11,1,1,0
11-3051,Industrial Production Managers,11,Management,0,0.55,1.8,10,1,7,6,2,10,2,10,1,8,3,6,3,5,15,1,8,2
11-3061,Purchasing Managers,11,Management,0,0.55,1.8,11,1,8,6,2,6,2,15,1,9,3,8,4,7,14,1,2,0
11-3071,"Transportation, Storage, and Distribution Managers",11,Management,0,0.55,1.8,9,1,7,6,2,8,1,12,1,9,3,7,5,6,18,1,3,1
11-3111,Compensation and Benefits Managers,11,Management,0,0.55,1.8,13,2,9,6,1,5,2,16,1,11,3,8,5,5,12,1,0,0
11-3121,Human Resources Managers,11,Management,0,0.55,1.8,10,1,6,6,1,7,1,13,1,11,2,7,7,7,16,2,1,1
11-3131,Training and Development Managers,11,Management,0,0.55,1.8,11,1,8,7,2,7,2,12,1,8,4,8,4,10,14,1,0,0
11-9013,"Farmers, Ranchers, and Other Agricultural Managers",11,Management,0,0.55,1.8,7,1,6,7,2,8,1,11,1,7,4,7,4,5,13,1,10,5
11-9021,Construction Managers,11,Management,0,0.55,1.8,9,1,6,7,2,8,2,10,1,8,4,5,5,6,14,2,7,3
11-9031,"Education and Childcare Administrators, Preschool and Daycare",11,Management,0,0.55,1.8,9,1,6,6,2,7,1,16,1,7,3,6,5,7,15,4,3,1
11-9032,"Education Administrators, Kindergarten through Secondary",11,Management,0,0.55,1.8,10,1,6,5,1,7,1,17,1,8,3,7,5,8,15,2,2,1
11-9033,"Education Administrators, Postsecondary",11,Management,0,0.55,1.8,10,1,8,7,2,9,1,14,1,10,4,9,5,5,13,1,0,0
11-9041,Architectural and Engineering Managers,11,Management,0,0.55,1.8,11,1,8,5,3,9,2,11,1,9,6,7,3,4,13,1,5,1
11-9051,Food Service Managers,11,Management,0,0.55,1.8,7,1,6,5,3,10,1,11,1,7,3,6,5,7,14,1,9,3
11-9071,Gambling Managers,11,Management,0,0.55,1.8,11,1,7,6,1,8,2,16,1,9,2,6,5,6,13,1,4,1
11-9072,"Entertainment and Recreation Managers, Except Gambling",11,Management,0,0.55,1.8,8,1,7,7,2,7,1,16,1,5,4,7,5,6,14,2,4,3
11-9081,Lodging Managers,11,Management,0,0.55,1.8,10,1,6,6,1,7,1,14,1,7,3,7,6,7,14,3,4,2
11-9111,Medical and Health Services Managers,11,Management,0,0.55,1.8,11,1,7,6,2,8,1,12,1,10,3,6,4,7,16,2,2,1
11-9121,Natural Sciences Managers,11,Management,0,0.55,1.8,12,1,9,8,2,10,2,13,1,10,3,7,2,4,10,1,4,1
11-9131,Postmasters and Mail Superintendents,11,Management,0,0.55,1.8,12,1,7,7,2,8,2,12,1,7,2,7,6,6,14,1,4,1
11-9141,"Property, Real Estate, and Community Association Managers",11,Management,0,0.55,1.8,11,1,8,7,1,5,1,15,1,8,2,7,6,6,17,1,2,1
11-9151,Social and Community Service Managers,11,Management,0,0.55,1.8,12,2,8,7,1,9,2,15,1,8,3,7,4,5,11,3,1,1
11-9161,Emergency Management Directors,11,Management,0,0.55,1.8,10,1,7,6,1,7,2,14,1,7,3,7,4,6,15,3,4,2
11-9171,Funeral Home Managers,11,Management,0,0.55,1.8,11,1,7,6,1,8,1,15,1,7,3,6,4,5,10,4,6,4
11-9179,Fitness and Wellness Coordinators,11,Management,0,0.55,1.8,9,1,6,6,2,8,1,13,1,7,3,6,5,7,14,3,5,3
11-9199,Regulatory Affairs Managers,11,Management,0,0.55,1.8,10,1,8,6,2,9,2,14,1,10,3,7,4,5,11,1,4,2
13-1011,"Agents and Business Managers of Artists, Performers, and Athletes",13,Business and Financial Operations,0,0.5,1.8,9,1,13,10,1,8,1,17,1,6,6,8,8,2,8,1,0,0
13-1021,"Buyers and Purchasing Agents, Farm Products",13,Business and Financial Operations,0,0.5,1.8,10,1,9,6,3,10,2,14,1,9,3,7,6,4,11,1,2,1
13-1022,"Wholesale and Retail Buyers, Except Farm Products",13,Business and Financial Operations,0,0.5,1.8,14,2,10,6,3,10,1,13,0,7,3,6,6,3,10,1,4,1
13-1023,"Purchasing Agents, Except Wholesale, Retail, and Farm Products",13,Business and Financial Operations,0,0.5,1.8,12,1,8,6,2,9,2,15,1,10,3,7,4,6,11,1,2,0
13-1031,"Claims Adjusters, Examiners, and Investigators",13,Business and Financial Operations,0,0.5,1.8,14,1,9,6,2,11,2,18,1,9,2,7,6,2,5,2,2,1
13-1032,"Insurance Appraisers, Auto Damage",13,Business and Financial Operations,0,0.5,1.8,13,1,8,7,3,8,2,17,1,7,2,7,6,2,5,2,5,4
13-1041,Compliance Officers,13,Business and Financial Operations,0,0.5,1.8,13,1,9,6,2,9,2,17,1,11,2,6,4,4,7,1,3,2
13-1051,Cost Estimators,13,Business and Financial Operations,0,0.5,1.8,16,1,10,7,5,9,2,12,1,11,3,7,3,4,8,0,1,0
13-1071,Human Resources Specialists,13,Business and Financial Operations,0,0.5,1.8,16,2,8,7,1,7,2,15,1,9,2,6,5,5,9,3,1,1
13-1074,Farm Labor Contractors,13,Business and Financial Operations,0,0.5,1.8,10,1,4,6,2,12,1,8,0,9,0,5,4,8,11,3,8,8
13-1075,Labor Relations Specialists,13,Business and Financial Operations,0,0.5,1.8,11,1,10,7,1,7,1,17,1,10,3,8,7,5,10,1,0,0
13-1081,Logisticians,13,Business and Financial Operations,0,0.5,1.8,12,1,8,7,2,9,2,13,1,10,4,7,4,5,11,1,2,1
13-1111,Management Analysts,13,Business and Financial Operations,0,0.5,1.8,10,1,8,6,2,8,2,17,2,11,3,8,6,5,9,1,1,0
13-1121,"Meeting, Convention, and Event Planners",13,Business and Financial Operations,0,0.5,1.8,11,1,6,8,2,8,1,18,1,6,3,6,5,4,12,1,5,2
13-1131,Fundraisers,13,Business and Financial Operations,0,0.5,1.8,10,1,8,7,2,5,1,20,1,9,4,9,6,5,10,1,0,1
13-1141,"Compensation, Benefits, and Job Analysis Specialists",13,Business and Financial Operations,0,0.5,1.8,14,2,10,6,1,6,2,15,1,14,3,8,4,4,8,1,1,0
13-1151,Training and Development Specialists,13,Business and Financial Operations,0,0.5,1.8,10,2,9,6,1,7,1,14,2,10,4,8,4,10,9,1,1,1
13-1161,Market Research Analysts and Marketing Specialists,13,Business and Financial Operations,0,0.5,1.8,16,1,10,6,2,8,1,14,2,11,4,10,4,3,8,0,0,0
13-1199,Business Continuity Planners,13,Business and Financial Operations,0,0.5,1.8,13,1,9,6,2,9,2,13,1,10,3,8,5,5,9,1,2,1
13-2011,Accountants and Auditors,13,Business and Financial Operations,0,0.5,1.8,16,1,9,7,2,8,2,13,1,11,2,6,3,5,12,1,1,0
13-2022,Appraisers of Personal and Business Property,13,Business and Financial Operations,0,0.5,1.8,15,1,11,6,3,11,2,12,1,11,2,7,2,3,6,0,5,2
13-2023,Appraisers and Assessors of Real Estate,13,Business and Financial Operations,0,0.5,1.8,18,1,11,5,2,8,3,12,2,12,2,6,2,3,5,0,5,3
13-2031,Budget Analysts,13,Business and Financial Operations,0,0.5,1.8,18,2,12,7,2,9,2,12,1,12,3,8,2,2,6,1,1,0
13-2041,Credit Analysts,13,Business and Financial Operations,0,0.5,1.8,18,2,12,6,1,8,2,14,2,14,2,7,2,5,5,0,0,0
13-2052,Personal Financial Advisors,13,Business and Financial Operations,0,0.5,1.8,14,1,11,6,2,6,2,16,2,13,2,9,4,4,6,2,0,0
13-2053,Insurance Underwriters,13,Business and Financial Operations,0,0.5,1.8,15,1,11,6,2,9,2,16,1,12,2,8,7,3,5,0,0,0
13-2061,Financial Examiners,13,Business and Financial Operations,0,0.5,1.8,12,2,10,6,1,10,2,16,1,14,1,7,3,5,10,0,0,0
13-2071,Credit Counselors,13,Business and Financial Operations,0,0.5,1.8,20,1,11,6,0,6,3,17,1,9,3,7,4,5,4,3,0,0
13-2072,Loan Officers,13,Business and Financial Operations,0,0.5,1.8,14,1,10,6,1,9,2,19,1,13,2,6,5,2,7,1,1,0
13-2081,"Tax Examiners and Collectors, and Revenue Agents",13,Business and Financial Operations,0,0.5,1.8,15,1,8,6,2,9,2,22,1,10,2,6,3,4,6,2,1,0
13-2082,Tax Preparers,13,Business and Financial Operations,0,0.5,1.8,15,1,13,7,2,6,3,15,2,12,2,6,3,4,5,2,2,0
13-2099,Financial Quantitative Analysts,13,Business and Financial Operations,0,0.5,1.8,15,1,10,6,3,7,2,13,2,12,3,8,3,4,8,1,1,1
15-1211,Computer Systems Analysts,15,Computer and Mathematical,0,0.48,2.0,11,1,10,6,2,9,2,12,2,10,4,8,3,4,8,2,5,1
15-1212,Information Security Analysts,15,Computer and Mathematical,0,0.48,2.0,17,1,11,5,2,12,2,11,2,12,4,7,2,3,6,0,3,0
15-1221,Computer and Information Research Scientists,15,Computer and Mathematical,0,0.48,2.0,14,1,11,5,4,9,2,13,2,10,6,8,2,3,6,1,3,0
15-1231,Computer Network Support Specialists,15,Computer and Mathematical,0,0.48,2.0,14,2,12,7,2,8,1,12,1,10,5,6,3,3,5,1,7,1
15-1232,Computer User Support Specialists,15,Computer and Mathematical,0,0.48,2.0,15,2,10,5,2,9,2,13,1,9,3,7,2,4,6,1,8,1
15-1241,Computer Network Architects,15,Computer and Mathematical,0,0.48,2.0,14,1,10,6,2,9,2,11,1,10,4,7,3,4,8,1,6,1
15-1242,Database Administrators,15,Computer and Mathematical,0,0.48,2.0,16,1,9,7,2,10,2,11,1,11,4,8,4,3,7,2,2,0
15-1243,Database Architects,15,Computer and Mathematical,0,0.48,2.0,18,1,11,6,3,9,1,10,1,13,5,8,2,4,7,0,1,0
15-1244,Network and Computer Systems Administrators,15,Computer and Mathematical,0,0.48,2.0,12,1,11,8,2,9,2,9,2,7,5,8,2,4,5,2,10,1
15-1251,Computer Programmers,15,Computer and Mathematical,0,0.48,2.0,16,1,11,4,4,9,2,10,1,12,6,9,1,3,8,1,2,0
15-1252,Software Developers,15,Computer and Mathematical,0,0.48,2.0,17,2,10,8,1,9,2,11,1,13,6,10,1,3,3,1,2,0
15-1253,Software Quality Assurance Analysts and Testers,15,Computer and Mathematical,0,0.48,2.0,15,2,11,7,2,10,2,11,1,12,4,6,2,4,9,1,1,0
15-1254,Web Developers,15,Computer and Mathematical,0,0.48,2.0,16,1,12,8,3,8,2,11,1,9,6,8,3,3,7,0,2,0
15-1255,Video Game Designers,15,Computer and Mathematical,0,0.48,2.0,13,2,9,5,2,9,2,12,1,7,9,11,5,3,8,1,1,0
15-1299,Web Administrators,15,Computer and Mathematical,0,0.48,2.0,14,1,9,6,2,8,2,12,1,11,4,7,3,5,10,1,3,1
15-2011,Actuaries,15,Computer and Mathematical,0,0.48,2.0,15,2,11,5,3,8,1,13,2,15,3,8,2,4,8,0,0,0
15-2021,Mathematicians,15,Computer and Mathematical,0,0.48,2.0,15,1,12,5,3,4,2,11,2,11,8,9,1,9,6,0,1,0
15-2031,Operations Research Analysts,15,Computer and Mathematical,0,0.48,2.0,14,1,11,7,3,10,1,11,2,11,4,10,3,3,7,1,1,0
15-2041,Statisticians,15,Computer and Mathematical,0,0.48,2.0,16,2,10,6,3,6,2,14,2,14,4,8,2,4,7,0,0,0
15-2051,Business Intelligence Analysts,15,Computer and Mathematical,0,0.48,2.0,18,2,10,7,2,8,2,13,2,12,3,7,3,4,7,0,0,0
15-2099,Bioinformatics Technicians,15,Computer and Mathematical,0,0.48,2.0,18,1,12,5,3,12,2,10,2,11,6,8,1,3,4,0,2,0
17-1011,"Architects, Except Landscape and Naval",17,Architecture and Engineering,0,0.5,2.0,11,1,8,7,2,6,2,13,1,8,9,7,4,5,12,1,2,1
17-1012,Landscape Architects,17,Architecture and Engineering,0,0.5,2.0,9,1,9,6,3,7,1,14,1,8,11,7,3,5,10,1,3,1
17-1021,Cartographers and Photogrammetrists,17,Architecture and Engineering,0,0.5,2.0,13,1,11,6,3,9,2,14,1,10,6,7,2,3,6,1,4,1
17-1022,Surveyors,17,Architecture and Engineering,0,0.5,2.0,16,1,8,6,2,7,2,11,1,11,4,6,2,4,8,1,6,4
17-2011,Aerospace Engineers,17,Architecture and Engineering,0,0.5,2.0,14,1,9,6,2,12,2,10,2,11,7,7,2,4,6,0,4,1
17-2021,Agricultural Engineers,17,Architecture and Engineering,0,0.5,2.0,13,1,8,7,3,9,2,10,1,10,7,7,2,3,7,1,7,2
17-2031,Bioengineers and Biomedical Engineers,17,Architecture and Engineering,0,0.5,2.0,14,1,9,6,2,9,2,10,1,11,6,7,1,4,9,1,6,1
17-2041,Chemical Engineers,17,Architecture and Engineering,0,0.5,2.0,13,1,8,6,3,10,2,10,1,12,6,8,3,4,8,0,5,0
17-2051,Civil Engineers,17,Architecture and Engineering,0,0.5,2.0,10,1,8,7,3,7,2,13,1,11,6,7,3,5,12,0,3,1
17-2061,Computer Hardware Engineers,17,Architecture and Engineering,0,0.5,2.0,12,1,10,6,4,8,2,9,1,12,8,8,2,3,9,0,5,0
17-2071,Electrical Engineers,17,Architecture and Engineering,0,0.5,2.0,10,1,9,9,2,9,2,10,1,10,8,8,2,4,9,1,4,1
17-2072,"Electronics Engineers, Except Computer",17,Architecture and Engineering,0,0.5,2.0,11,1,8,5,2,9,2,12,1,10,8,8,3,3,7,1,8,1
17-2081,Environmental Engineers,17,Architecture and Engineering,0,0.5,2.0,10,1,7,6,3,9,1,14,1,10,6,7,3,4,12,1,4,1
17-2111,"Health and Safety Engineers, Except Mining Safety Engineers and Inspectors",17,Architecture and Engineering,0,0.5,2.0,10,1,8,6,3,8,2,12,1,11,5,7,4,6,9,1,5,1
17-2112,Industrial Engineers,17,Architecture and Engineering,0,0.5,2.0,13,1,8,5,3,11,2,11,1,11,5,7,3,4,7,1,6,1
17-2121,Marine Engineers and Naval Architects,17,Architecture and Engineering,0,0.5,2.0,11,1,9,6,2,8,2,11,1,12,6,7,2,3,7,1,8,3
17-2131,Materials Engineers,17,Architecture and Engineering,0,0.5,2.0,10,1,8,5,3,10,2,10,1,9,6,7,3,5,10,1,8,1
17-2141,Mechanical Engineers,17,Architecture and Engineering,0,0.5,2.0,13,1,9,6,3,9,2,9,1,10,7,7,2,4,7,1,7,2
17-2151,"Mining and Geological Engineers, Including Mining Safety Engineers",17,Architecture and Engineering,0,0.5,2.0,14,1,7,6,3,9,2,12,1,11,4,8,4,5,10,0,2,1
17-2161,Nuclear Engineers,17,Architecture and Engineering,0,0.5,2.0,12,1,8,4,3,10,2,10,1,13,5,7,3,5,9,1,5,1
17-2171,Petroleum Engineers,17,Architecture and Engineering,0,0.5,2.0,12,1,8,7,3,10,2,12,1,11,5,9,4,2,11,0,2,0
17-2199,"Energy Engineers, Except Wind and Solar",17,Architecture and Engineering,0,0.5,2.0,11,1,9,6,3,8,2,11,1,10,7,7,2,4,8,1,8,1
17-3011,Architectural and Civil Drafters,17,Architecture and Engineering,0,0.5,2.0,14,1,11,7,3,8,2,11,1,12,11,7,2,2,6,0,2,0
17-3012,Electrical and Electronics Drafters,17,Architecture and Engineering,0,0.5,2.0,13,2,12,9,3,7,2,12,1,9,10,6,1,3,4,1,4,1
17-3013,Mechanical Drafters,17,Architecture and Engineering,0,0.5,2.0,16,1,10,5,3,10,2,10,1,8,13,6,1,2,4,1,6,1
17-3021,Aerospace Engineering and Operations Technologists and Technicians,17,Architecture and Engineering,0,0.5,2.0,12,1,9,6,4,13,2,11,1,9,4,6,2,2,6,1,9,2
17-3022,Civil Engineering Technologists and Technicians,17,Architecture and Engineering,0,0.5,2.0,15,1,10,7,3,10,2,14,1,11,6,5,3,2,4,1,3,2
17-3023,Electrical and Electronic Engineering Technologists and Technicians,17,Architecture and Engineering,0,0.5,2.0,13,1,8,6,2,9,2,10,1,9,6,6,2,4,6,1,12,2
17-3024,Electro-Mechanical and Mechatronics Technologists and Technicians,17,Architecture and Engineering,0,0.5,2.0,11,1,7,5,2,10,2,9,1,9,5,5,1,4,5,1,18,4
17-3025,Environmental Engineering Technologists and Technicians,17,Architecture and Engineering,0,0.5,2.0,12,2,9,5,2,9,2,13,1,10,4,6,2,3,5,1,10,4
17-3026,Industrial Engineering Technologists and Technicians,17,Architecture and Engineering,0,0.5,2.0,10,1,8,6,3,9,2,9,1,8,7,6,1,5,7,1,13,3
17-3027,Mechanical Engineering Technologists and Technicians,17,Architecture and Engineering,0,0.5,2.0,11,1,8,5,2,9,2,10,1,8,6,6,2,4,6,1,13,5
17-3029,Non-Destructive Testing Specialists,17,Architecture and Engineering,0,0.5,2.0,11,1,8,5,2,10,2,9,1,9,4,6,2,4,7,1,15,3
17-3031,Surveying and Mapping Technicians,17,Architecture and Engineering,0,0.5,2.0,17,1,10,6,2,7,3,11,1,10,5,6,1,4,6,1,6,3
19-1011,Animal Scientists,19,"Life, Physical, and Social Science",0,0.5,2.5,11,1,8,5,3,9,2,12,2,11,4,7,4,6,9,1,3,2
19-1012,Food Scientists and Technologists,19,"Life, Physical, and Social Science",0,0.5,2.5,9,1,8,6,3,9,2,11,1,11,5,6,3,5,10,1,7,2
19-1013,Soil and Plant Scientists,19,"Life, Physical, and Social Science",0,0.5,2.5,13,1,8,6,3,8,2,12,1,10,4,7,2,5,9,1,5,3
19-1021,Biochemists and Biophysicists,19,"Life, Physical, and Social Science",0,0.5,2.5,11,1,9,5,3,10,2,9,2,9,6,8,2,5,8,1,8,1
19-1022,Microbiologists,19,"Life, Physical, and Social Science",0,0.5,2.5,13,1,8,7,3,9,2,10,1,10,4,6,1,4,10,1,8,2
19-1023,Zoologists and Wildlife Biologists,19,"Life, Physical, and Social Science",0,0.5,2.5,11,1,7,7,2,9,1,18,1,9,3,7,3,3,9,1,4,4
19-1029,Bioinformatics Scientists,19,"Life, Physical, and Social Science",0,0.5,2.5,14,1,9,6,3,9,2,11,1,8,5,8,2,5,10,1,4,1
19-1031,Conservation Scientists,19,"Life, Physical, and Social Science",0,0.5,2.5,10,1,7,6,2,7,2,17,1,8,4,6,4,4,10,1,5,5
19-1032,Foresters,19,"Life, Physical, and Social Science",0,0.5,2.5,11,1,5,7,3,9,2,14,1,9,3,7,3,3,9,1,7,5
19-1041,Epidemiologists,19,"Life, Physical, and Social Science",0,0.5,2.5,13,1,10,6,3,7,2,15,2,11,4,8,2,5,10,1,0,0
19-1042,"Medical Scientists, Except Epidemiologists",19,"Life, Physical, and Social Science",0,0.5,2.5,14,2,11,8,4,8,2,10,1,9,5,7,1,5,7,1,4,1
19-2011,Astronomers,19,"Life, Physical, and Social Science",0,0.5,2.5,17,1,12,6,4,7,2,12,1,9,5,8,1,5,6,1,3,0
19-2012,Physicists,19,"Life, Physical, and Social Science",0,0.5,2.5,16,1,10,5,3,11,2,11,1,11,5,8,2,4,6,1,3,0
19-2021,Atmospheric and Space Scientists,19,"Life, Physical, and Social Science",0,0.5,2.5,14,1,11,6,2,8,1,17,2,11,4,7,1,5,8,0,2,0
19-2031,Chemists,19,"Life, Physical, and Social Science",0,0.5,2.5,12,1,8,6,3,10,3,8,1,10,3,6,3,5,9,1,9,2
19-2032,Materials Scientists,19,"Life, Physical, and Social Science",0,0.5,2.5,12,1,9,5,3,11,2,11,1,10,5,7,2,5,8,1,7,0
19-2041,"Environmental Scientists and Specialists, Including Health",19,"Life, Physical, and Social Science",0,0.5,2.5,12,1,10,6,3,8,2,16,2,12,3,7,3,4,8,0,2,1
19-2042,"Geoscientists, Except Hydrologists and Geographers",19,"Life, Physical, and Social Science",0,0.5,2.5,12,1,10,6,2,9,2,14,1,10,5,7,2,5,9,0,3,2
19-2043,Hydrologists,19,"Life, Physical, and Social Science",0,0.5,2.5,13,1,9,5,3,9,2,12,2,11,4,8,2,4,9,0,4,2
19-2099,Remote Sensing Scientists and Technologists,19,"Life, Physical, and Social Science",0,0.5,2.5,13,1,9,6,4,9,2,11,2,11,5,7,2,5,9,0,3,1
19-3011,Economists,19,"Life, Physical, and Social Science",0,0.5,2.5,14,1,13,5,4,8,1,14,2,12,5,8,2,6,5,0,0,0
19-3022,Survey Researchers,19,"Life, Physical, and Social Science",0,0.5,2.5,14,1,8,7,3,6,2,14,2,11,4,8,2,5,11,1,1,0
19-3032,Industrial-Organizational Psychologists,19,"Life, Physical, and Social Science",0,0.5,2.5,12,1,9,6,1,6,1,15,2,13,2,8,4,7,12,1,0,0
19-3033,Clinical and Counseling Psychologists,19,"Life, Physical, and Social Science",0,0.5,2.5,11,1,10,6,0,9,2,13,2,12,4,9,4,6,5,6,0,0
19-3034,School Psychologists,19,"Life, Physical, and Social Science",0,0.5,2.5,8,2,11,6,0,12,1,19,2,10,3,6,3,5,8,4,0,0
19-3039,Neuropsychologists,19,"Life, Physical, and Social Science",0,0.5,2.5,13,1,10,5,2,10,3,15,2,11,2,7,2,5,6,4,2,0
19-3041,Sociologists,19,"Life, Physical, and Social Science",0,0.5,2.5,14,1,11,6,3,9,2,13,2,10,5,7,2,7,7,1,0,0
19-3051,Urban and Regional Planners,19,"Life, Physical, and Social Science",0,0.5,2.5,10,1,9,7,2,6,1,18,2,11,4,9,5,3,12,0,0,0
19-3091,Anthropologists and Archeologists,19,"Life, Physical, and Social Science",0,0.5,2.5,13,1,11,5,1,10,2,17,2,8,4,6,2,7,8,1,1,1
19-3092,Geographers,19,"Life, Physical, and Social Science",0,0.5,2.5,14,1,10,6,2,9,2,15,2,10,5,7,2,5,6,1,2,1
19-3093,Historians,19,"Life, Physical, and Social Science",0,0.5,2.5,16,1,10,5,2,13,2,19,2,8,2,6,2,2,7,0,2,1
19-3094,Political Scientists,19,"Life, Physical, and Social Science",0,0.5,2.5,14,1,12,6,3,12,2,13,2,11,4,6,1,7,5,1,0,0
19-3099,Transportation Planners,19,"Life, Physical, and Social Science",0,0.5,2.5,12,1,9,5,3,7,1,17,2,11,4,8,4,4,11,1,0,0
19-4012,Agricultural Technicians,19,"Life, Physical, and Social Science",0,0.5,2.5,10,1,8,6,2,8,2,12,1,8,4,6,3,3,6,1,12,7
19-4013,Food Science Technicians,19,"Life, Physical, and Social Science",0,0.5,2.5,12,1,8,4,1,14,2,8,1,10,2,4,2,9,11,2,8,1
19-4021,Biological Technicians,19,"Life, Physical, and Social Science",0,0.5,2.5,19,1,10,6,3,10,3,10,1,9,3,7,1,2,3,0,10,2
19-4031,Chemical Technicians,19,"Life, Physical, and Social Science",0,0.5,2.5,13,1,7,6,2,12,3,7,1,10,3,6,1,4,5,1,15,3
19-4042,"Environmental Science and Protection Technicians, Including Health",19,"Life, Physical, and Social Science",0,0.5,2.5,12,1,9,7,2,8,3,11,1,10,2,5,3,4,8,1,8,5
19-4043,"Geological Technicians, Except Hydrologic Technicians",19,"Life, Physical, and Social Science",0,0.5,2.5,16,1,10,6,3,10,3,10,1,8,3,4,1,3,5,0,12,4
19-4051,Nuclear Technicians,19,"Life, Physical, and Social Science",0,0.5,2.5,10,2,9,5,3,12,3,9,1,10,2,5,1,5,6,1,12,4
19-4061,Social Science Research Assistants,19,"Life, Physical, and Social Science",0,0.5,2.5,20,2,10,6,3,7,3,15,2,10,3,6,2,4,6,0,1,0
19-4071,Forest and Conservation Technicians,19,"Life, Physical, and Social Science",0,0.5,2.5,8,1,7,6,2,8,1,13,1,7,3,7,3,4,10,2,10,7
19-4092,Forensic Science Technicians,19,"Life, Physical, and Social Science",0,0.5,2.5,13,1,10,4,2,9,2,18,2,9,1,6,1,4,5,2,7,4
19-4099,Quality Control Analysts,19,"Life, Physical, and Social Science",0,0.5,2.5,16,1,9,5,3,12,3,9,1,11,3,5,2,4,5,0,10,1
19-5011,Occupational Health and Safety Specialists,19,"Life, Physical, and Social Science",0,0.5,2.5,11,1,8,5,2,9,2,11,1,11,3,6,4,6,9,2,6,3
19-5012,Occupational Health and Safety Technicians,19,"Life, Physical, and Social Science",0,0.5,2.5,10,1,7,6,2,10,2,10,1,11,3,6,5,6,9,2,6,3
21-1011,Substance Abuse and Behavioral Disorder Counselors,21,Community and Social Service,0,0.55,1.5,13,1,7,7,1,12,2,12,1,9,3,7,5,4,7,4,3,2
21-1012,"Educational, Guidance, and Career Counselors and Advisors",21,Community and Social Service,0,0.55,1.5,13,2,10,6,1,8,2,17,1,11,3,8,4,4,6,3,1,0
21-1013,Marriage and Family Therapists,21,Community and Social Service,0,0.55,1.5,11,1,10,6,1,9,3,18,1,8,3,10,5,5,3,6,0,0
21-1014,Mental Health Counselors,21,Community and Social Service,0,0.55,1.5,12,1,9,6,1,7,2,18,1,10,4,9,4,6,4,6,0,0
21-1015,Rehabilitation Counselors,21,Community and Social Service,0,0.55,1.5,12,1,7,7,1,8,2,17,1,8,3,7,4,6,10,3,2,1
21-1021,"Child, Family, and School Social Workers",21,Community and Social Service,0,0.55,1.5,12,1,8,6,0,9,2,20,1,6,3,7,6,5,8,4,1,1
21-1022,Healthcare Social Workers,21,Community and Social Service,0,0.55,1.5,9,2,9,7,1,7,2,19,1,6,3,7,5,5,9,6,1,1
21-1023,Mental Health and Substance Abuse Social Workers,21,Community and Social Service,0,0.55,1.5,10,1,8,7,1,9,2,16,1,10,3,8,5,6,6,5,1,1
21-1091,Health Education Specialists,21,Community and Social Service,0,0.55,1.5,10,1,8,7,1,9,1,19,2,7,3,7,4,5,9,3,3,1
21-1092,Probation Officers and Correctional Treatment Specialists,21,Community and Social Service,0,0.55,1.5,11,1,9,8,1,10,2,16,1,9,2,7,4,4,7,3,3,2
21-1093,Social and Human Service Assistants,21,Community and Social Service,0,0.55,1.5,12,2,8,5,2,9,3,17,1,7,3,6,4,6,8,4,2,1
21-1094,Community Health Workers,21,Community and Social Service,0,0.55,1.5,10,1,7,8,2,8,2,17,1,6,3,6,4,5,9,3,6,2
21-2011,Clergy,21,Community and Social Service,0,0.55,1.5,6,1,8,6,1,8,1,14,1,6,4,7,6,7,15,6,2,1
21-2021,"Directors, Religious Activities and Education",21,Community and Social Service,0,0.55,1.5,8,1,8,7,2,9,1,16,1,6,4,7,5,5,11,5,2,2
23-1011,Lawyers,23,Legal,0,0.5,1.8,11,2,9,6,1,7,2,16,2,11,3,8,7,3,9,2,1,0
23-1012,Judicial Law Clerks,23,Legal,0,0.5,1.8,16,2,16,5,0,9,1,14,2,20,4,7,1,0,0,2,1,0
23-1021,"Administrative Law Judges, Adjudicators, and Hearing Officers",23,Legal,0,0.5,1.8,15,1,13,7,1,10,2,16,2,12,2,8,6,2,2,1,0,0
23-1022,"Arbitrators, Mediators, and Conciliators",23,Legal,0,0.5,1.8,12,1,13,6,2,12,1,11,2,14,4,8,9,2,2,0,1,0
23-1023,"Judges, Magistrate Judges, and Magistrates",23,Legal,0,0.5,1.8,14,1,12,8,1,11,2,16,2,10,2,9,3,2,5,1,1,0
23-2011,Paralegals and Legal Assistants,23,Legal,0,0.5,1.8,21,2,12,8,1,7,3,19,1,9,2,4,2,1,5,1,2,0
23-2093,"Title Examiners, Abstractors, and Searchers",23,Legal,0,0.5,1.8,16,2,12,6,2,11,4,14,2,12,1,7,2,2,4,0,2,1
25-1011,"Business Teachers, Postsecondary",25,Educational Instruction and Library,0,0.55,1.5,11,1,11,8,1,7,1,16,2,9,5,6,2,11,6,1,1,1
25-1021,"Computer Science Teachers, Postsecondary",25,Educational Instruction and Library,0,0.55,1.5,14,1,10,6,2,7,2,11,1,10,5,8,2,9,9,1,2,0
25-1022,"Mathematical Science Teachers, Postsecondary",25,Educational Instruction and Library,0,0.55,1.5,12,2,10,5,1,7,2,16,2,7,4,8,2,11,8,2,1,0
25-1031,"Architecture Teachers, Postsecondary",25,Educational Instruction and Library,0,0.55,1.5,10,1,8,8,2,9,1,15,1,6,7,7,3,7,10,1,3,1
25-1032,"Engineering Teachers, Postsecondary",25,Educational Instruction and Library,0,0.55,1.5,12,1,9,7,3,7,1,10,1,9,6,8,2,9,10,1,3,1
25-1041,"Agricultural Sciences Teachers, Postsecondary",25,Educational Instruction and Library,0,0.55,1.5,9,1,8,6,2,9,2,15,1,7,3,7,2,8,13,2,3,2
25-1042,"Biological Science Teachers, Postsecondary",25,Educational Instruction and Library,0,0.55,1.5,10,1,9,7,3,11,2,11,2,9,4,8,2,8,8,1,3,1
25-1043,"Forestry and Conservation Science Teachers, Postsecondary",25,Educational Instruction and Library,0,0.55,1.5,11,1,10,5,3,11,2,13,2,8,4,7,2,7,9,1,2,2
25-1051,"Atmospheric, Earth, Marine, and Space Sciences Teachers, Postsecondary",25,Educational Instruction and Library,0,0.55,1.5,12,1,10,6,2,9,2,11,2,9,5,6,2,9,8,2,3,1
25-1052,"Chemistry Teachers, Postsecondary",25,Educational Instruction and Library,0,0.55,1.5,13,1,9,5,2,7,2,13,2,8,4,7,2,11,9,1,3,1
25-1053,"Environmental Science Teachers, Postsecondary",25,Educational Instruction and Library,0,0.55,1.5,11,1,10,7,2,10,1,13,2,7,4,7,2,8,9,2,3,1
25-1054,"Physics Teachers, Postsecondary",25,Educational Instruction and Library,0,0.55,1.5,11,1,9,7,3,9,2,12,2,8,5,8,2,8,7,2,4,0
25-1061,"Anthropology and Archeology Teachers, Postsecondary",25,Educational Instruction and Library,0,0.55,1.5,13,1,9,6,1,9,2,16,2,9,4,6,2,8,7,2,2,1
25-1062,"Area, Ethnic, and Cultural Studies Teachers, Postsecondary",25,Educational Instruction and Library,0,0.55,1.5,10,2,9,8,1,8,2,15,2,7,5,8,3,10,8,1,1,0
25-1063,"Economics Teachers, Postsecondary",25,Educational Instruction and Library,0,0.55,1.5,13,1,13,6,1,11,1,12,2,8,6,6,2,10,6,1,1,0
25-1064,"Geography Teachers, Postsecondary",25,Educational Instruction and Library,0,0.55,1.5,14,1,11,5,3,8,2,17,2,8,5,6,2,8,6,1,1,0
25-1065,"Political Science Teachers, Postsecondary",25,Educational Instruction and Library,0,0.55,1.5,12,1,13,7,2,9,1,13,2,9,5,6,3,9,7,1,0,0
25-1066,"Psychology Teachers, Postsecondary",25,Educational Instruction and Library,0,0.55,1.5,11,1,8,6,1,8,2,17,2,9,3,7,3,10,8,3,1,0
25-1067,"Sociology Teachers, Postsecondary",25,Educational Instruction and Library,0,0.55,1.5,15,1,10,8,1,11,2,15,2,9,5,7,2,7,4,1,0,0
25-1071,"Health Specialties Teachers, Postsecondary",25,Educational Instruction and Library,0,0.55,1.5,11,1,10,6,2,8,2,12,2,8,4,7,2,8,7,2,6,2
25-1072,"Nursing Instructors and Teachers, Postsecondary",25,Educational Instruction and Library,0,0.55,1.5,10,1,8,6,2,9,2,13,1,8,3,7,3,8,9,4,4,2
25-1081,"Education Teachers, Postsecondary",25,Educational Instruction and Library,0,0.55,1.5,11,1,9,7,1,12,2,14,1,8,4,8,2,10,8,1,1,0
25-1082,"Library Science Teachers, Postsecondary",25,Educational Instruction and Library,0,0.55,1.5,13,1,11,5,2,9,2,13,2,10,5,8,1,9,7,1,1,0
25-1111,"Criminal Justice and Law Enforcement Teachers, Postsecondary",25,Educational Instruction and Library,0,0.55,1.5,15,1,10,8,1,9,2,14,2,8,5,7,2,9,4,2,1,0
25-1112,"Law Teachers, Postsecondary",25,Educational Instruction and Library,0,0.55,1.5,10,1,13,7,1,9,2,15,2,10,5,6,1,13,4,1,0,0
25-1113,"Social Work Teachers, Postsecondary",25,Educational Instruction and Library,0,0.55,1.5,11,1,10,8,0,8,2,17,2,9,4,7,3,8,7,2,1,0
25-1121,"Art, Drama, and Music Teachers, Postsecondary",25,Educational Instruction and Library,0,0.55,1.5,8,2,7,7,1,7,1,15,1,6,6,7,4,10,10,2,4,2
25-1122,"Communications Teachers, Postsecondary",25,Educational Instruction and Library,0,0.55,1.5,12,1,9,6,1,11,3,16,1,7,5,7,3,8,6,2,2,0
25-1123,"English Language and Literature Teachers, Postsecondary",25,Educational Instruction and Library,0,0.55,1.5,11,2,7,8,0,9,2,15,2,7,5,8,3,10,8,2,1,0
25-1124,"Foreign Language and Literature Teachers, Postsecondary",25,Educational Instruction and Library,0,0.55,1.5,13,1,11,8,0,9,1,15,2,8,7,7,1,11,3,2,1,0
25-1125,"History Teachers, Postsecondary",25,Educational Instruction and Library,0,0.55,1.5,12,1,13,6,1,13,3,13,2,9,5,6,2,8,4,1,1,0
25-1126,"Philosophy and Religion Teachers, Postsecondary",25,Educational Instruction and Library,0,0.55,1.5,11,1,10,7,0,9,1,17,2,7,5,7,4,10,7,2,0,0
25-1192,"Family and Consumer Sciences Teachers, Postsecondary",25,Educational Instruction and Library,0,0.55,1.5,10,1,10,7,1,10,1,16,1,8,3,7,3,10,7,2,2,1
25-1193,"Recreation and Fitness Studies Teachers, Postsecondary",25,Educational Instruction and Library,0,0.55,1.5,10,1,9,6,1,8,2,17,2,8,3,6,3,9,10,2,2,1
25-1194,"Career/Technical Education Teachers, Postsecondary",25,Educational Instruction and Library,0,0.55,1.5,8,1,9,7,1,7,1,12,1,8,4,5,3,9,9,2,10,3
25-2011,"Preschool Teachers, Except Special Education",25,Educational Instruction and Library,0,0.55,1.5,5,1,8,6,0,9,1,14,1,6,5,7,4,8,11,7,4,3
25-2012,"Kindergarten Teachers, Except Special Education",25,Educational Instruction and Library,0,0.55,1.5,8,1,8,8,1,7,1,15,1,8,5,9,3,8,10,4,2,1
25-2021,"Elementary School Teachers, Except Special Education",25,Educational Instruction and Library,0,0.55,1.5,10,1,7,7,1,8,1,16,1,5,4,8,4,10,10,5,1,1
25-2022,"Middle School Teachers, Except Special and Career/Technical Education",25,Educational Instruction and Library,0,0.55,1.5,9,1,7,7,1,9,2,14,1,8,4,8,4,9,10,4,1,1
25-2023,"Career/Technical Education Teachers, Middle School",25,Educational Instruction and Library,0,0.55,1.5,10,1,9,6,1,9,2,14,1,7,5,7,3,8,10,2,4,1
25-2031,"Secondary School Teachers, Except Special and Career/Technical Education",25,Educational Instruction and Library,0,0.55,1.5,11,1,8,7,1,7,1,13,1,7,4,9,4,10,9,4,2,1
25-2032,"Career/Technical Education Teachers, Secondary School",25,Educational Instruction and Library,0,0.55,1.5,9,1,7,7,1,8,2,10,1,7,5,7,4,8,10,3,8,2
25-2051,"Special Education Teachers, Preschool",25,Educational Instruction and Library,0,0.55,1.5,11,1,8,6,1,9,2,14,1,8,3,7,2,8,8,5,4,2
25-2056,"Special Education Teachers, Elementary School",25,Educational Instruction and Library,0,0.55,1.5,10,1,10,8,1,10,2,15,1,10,3,7,2,6,8,2,2,2
25-2057,"Special Education Teachers, Middle School",25,Educational Instruction and Library,0,0.55,1.5,11,1,7,7,0,7,2,17,1,8,3,7,4,8,10,4,2,1
25-2058,"Special Education Teachers, Secondary School",25,Educational Instruction and Library,0,0.55,1.5,12,2,8,7,1,10,2,15,1,8,4,7,3,6,7,4,2,1
25-2059,Adapted Physical Education Specialists,25,Educational Instruction and Library,0,0.55,1.5,7,1,7,6,1,8,2,13,1,8,4,8,3,6,9,5,5,6
25-3011,"Adult Basic Education, Adult Secondary Education, and English as a Second Language Instructors",25,Educational Instruction and Library,0,0.55,1.5,10,1,7,7,1,8,2,17,2,8,6,9,2,10,6,2,2,0
25-3021,Self-Enrichment Teachers,25,Educational Instruction and Library,0,0.55,1.5,6,1,8,5,0,10,2,16,2,6,5,7,4,15,6,2,3,2
25-3031,"Substitute Teachers, Short-Term",25,Educational Instruction and Library,0,0.55,1.5,11,2,9,6,1,13,2,13,1,5,2,6,5,5,7,6,4,2
25-3041,Tutors,25,Educational Instruction and Library,0,0.55,1.5,10,2,9,7,0,5,2,19,2,7,5,8,2,14,4,3,1,0
25-4011,Archivists,25,Educational Instruction and Library,0,0.55,1.5,14,1,9,6,2,9,3,14,1,7,3,6,2,5,10,1,5,2
25-4012,Curators,25,Educational Instruction and Library,0,0.55,1.5,11,1,8,7,2,11,2,15,1,7,5,6,3,4,8,1,6,2
25-4013,Museum Technicians and Conservators,25,Educational Instruction and Library,0,0.55,1.5,10,1,9,5,2,13,2,13,1,5,5,7,2,3,6,0,12,4
25-4022,Librarians and Media Collections Specialists,25,Educational Instruction and Library,0,0.55,1.5,14,1,10,6,1,7,2,18,2,6,4,6,3,6,8,2,3,1
25-4031,Library Technicians,25,Educational Instruction and Library,0,0.55,1.5,16,2,10,7,1,10,2,15,1,4,3,5,2,2,6,3,7,4
25-9021,Farm and Home Management Educators,25,Educational Instruction and Library,0,0.55,1.5,10,1,9,8,1,7,1,17,1,8,3,6,3,7,11,1,3,3
25-9031,Instructional Coordinators,25,Educational Instruction and Library,0,0.55,1.5,12,1,7,8,1,8,1,15,1,10,3,8,3,8,10,2,1,1
25-9042,"Teaching Assistants, Preschool, Elementary, Middle, and Secondary School, Except Special Education",25,Educational Instruction and Library,0,0.55,1.5,7,1,9,8,2,10,2,14,1,6,5,9,5,4,5,5,4,3
25-9043,"Teaching Assistants, Special Education",25,Educational Instruction and Library,0,0.55,1.5,7,2,10,6,1,12,2,11,1,6,3,7,5,8,8,6,3,2
25-9044,"Teaching Assistants, Postsecondary",25,Educational Instruction and Library,0,0.55,1.5,13,2,8,6,2,10,2,14,2,7,4,6,3,9,5,3,3,1
27-1011,Art Directors,27,"Arts, Design, Entertainment, Sports, and Media",0,0.5,2.0,10,2,11,7,1,7,1,16,1,7,9,8,4,4,9,1,2,0
27-1012,Craft Artists,27,"Arts, Design, Entertainment, Sports, and Media",0,0.5,2.0,8,0,8,7,3,9,1,11,0,4,9,8,5,4,4,0,16,3
27-1013,"Fine Artists, Including Painters, Sculptors, and Illustrators",27,"Arts, Design, Entertainment, Sports, and Media",0,0.5,2.0,9,1,12,8,2,11,0,13,0,3,13,6,2,1,3,1,12,3
27-1014,Special Effects Artists and Animators,27,"Arts, Design, Entertainment, Sports, and Media",0,0.5,2.0,14,2,12,6,2,9,1,13,1,8,7,7,2,4,7,1,4,0
27-1021,Commercial and Industrial Designers,27,"Arts, Design, Entertainment, Sports, and Media",0,0.5,2.0,12,2,9,5,2,10,2,14,1,9,11,7,4,2,5,0,4,1
27-1022,Fashion Designers,27,"Arts, Design, Entertainment, Sports, and Media",0,0.5,2.0,9,1,9,9,3,7,1,13,1,4,8,6,4,6,13,1,4,1
27-1023,Floral Designers,27,"Arts, Design, Entertainment, Sports, and Media",0,0.5,2.0,11,0,11,8,4,15,2,11,0,3,6,4,6,2,6,1,6,4
27-1024,Graphic Designers,27,"Arts, Design, Entertainment, Sports, and Media",0,0.5,2.0,12,1,10,8,1,7,1,17,1,6,9,8,4,4,8,1,2,0
27-1025,Interior Designers,27,"Arts, Design, Entertainment, Sports, and Media",0,0.5,2.0,11,1,7,6,2,8,1,14,1,8,9,7,6,4,11,1,2,1
27-1026,Merchandise Displayers and Window Trimmers,27,"Arts, Design, Entertainment, Sports, and Media",0,0.5,2.0,5,2,8,7,2,9,0,13,1,6,6,7,5,5,9,1,8,6
27-1027,Set and Exhibit Designers,27,"Arts, Design, Entertainment, Sports, and Media",0,0.5,2.0,8,2,11,9,2,7,1,13,1,4,14,8,3,3,10,0,3,1
27-2011,Actors,27,"Arts, Design, Entertainment, Sports, and Media",0,0.5,2.0,3,2,6,5,1,9,1,31,1,1,11,3,2,4,5,2,5,8
27-2012,Producers and Directors,27,"Arts, Design, Entertainment, Sports, and Media",0,0.5,2.0,10,1,9,7,2,10,1,15,1,6,5,7,4,5,10,1,5,1
27-2021,Athletes and Sports Competitors,27,"Arts, Design, Entertainment, Sports, and Media",0,0.5,2.0,6,1,8,6,3,8,1,11,1,9,4,8,4,5,10,1,9,5
27-2022,Coaches and Scouts,27,"Arts, Design, Entertainment, Sports, and Media",0,0.5,2.0,9,1,7,8,1,9,1,11,1,7,4,8,4,7,13,2,3,4
27-2023,"Umpires, Referees, and Other Sports Officials",27,"Arts, Design, Entertainment, Sports, and Media",0,0.5,2.0,7,2,12,3,1,12,2,15,1,9,1,7,5,7,8,1,3,4
27-2031,Dancers,27,"Arts, Design, Entertainment, Sports, and Media",0,0.5,2.0,1,2,12,6,0,9,0,23,1,3,6,4,3,4,7,2,4,13
27-2032,Choreographers,27,"Arts, Design, Entertainment, Sports, and Media",0,0.5,2.0,4,1,5,8,0,6,1,17,1,3,7,7,5,9,16,3,1,6
27-2041,Music Directors and Composers,27,"Arts, Design, Entertainment, Sports, and Media",0,0.5,2.0,9,1,9,9,1,8,1,18,1,4,7,6,4,6,12,1,2,1
27-2042,Musicians and Singers,27,"Arts, Design, Entertainment, Sports, and Media",0,0.5,2.0,8,1,9,6,1,14,1,19,1,6,6,6,3,3,7,2,4,3
27-3011,Broadcast Announcers and Radio Disc Jockeys,27,"Arts, Design, Entertainment, Sports, and Media",0,0.5,2.0,10,2,9,6,2,12,2,21,1,7,6,8,2,3,6,0,2,1
27-3023,"News Analysts, Reporters, and Journalists",27,"Arts, Design, Entertainment, Sports, and Media",0,0.5,2.0,11,2,12,7,2,10,2,25,2,7,4,4,3,2,5,0,1,1
27-3031,Public Relations Specialists,27,"Arts, Design, Entertainment, Sports, and Media",0,0.5,2.0,8,2,9,7,1,6,1,20,1,8,5,9,6,4,12,1,0,0
27-3041,Editors,27,"Arts, Design, Entertainment, Sports, and Media",0,0.5,2.0,14,2,11,7,1,9,1,19,1,7,5,7,3,4,8,0,1,0
27-3042,Technical Writers,27,"Arts, Design, Entertainment, Sports, and Media",0,0.5,2.0,16,2,12,7,2,10,2,13,2,10,5,5,3,3,5,1,2,0
27-3043,Writers and Authors,27,"Arts, Design, Entertainment, Sports, and Media",0,0.5,2.0,11,1,14,9,1,5,2,16,1,5,8,9,6,3,7,1,1,0
27-3091,Interpreters and Translators,27,"Arts, Design, Entertainment, Sports, and Media",0,0.5,2.0,8,2,10,5,1,10,2,21,3,8,4,6,3,5,7,2,2,1
27-3092,Court Reporters and Simultaneous Captioners,27,"Arts, Design, Entertainment, Sports, and Media",0,0.5,2.0,25,2,15,10,2,6,5,16,0,3,0,3,0,1,2,2,6,2
27-4011,Audio and Video Technicians,27,"Arts, Design, Entertainment, Sports, and Media",0,0.5,2.0,11,1,9,8,2,10,2,11,1,8,6,6,1,3,6,1,11,3
27-4012,Broadcast Technicians,27,"Arts, Design, Entertainment, Sports, and Media",0,0.5,2.0,11,1,8,5,2,9,2,11,1,7,4,5,3,4,9,1,14,3
27-4014,Sound Engineering Technicians,27,"Arts, Design, Entertainment, Sports, and Media",0,0.5,2.0,12,1,9,7,1,8,2,15,1,5,7,7,4,3,7,1,9,1
27-4021,Photographers,27,"Arts, Design, Entertainment, Sports, and Media",0,0.5,2.0,12,1,7,7,2,7,1,16,0,5,5,6,7,4,9,1,7,3
27-4031,"Camera Operators, Television, Video, and Film",27,"Arts, Design, Entertainment, Sports, and Media",0,0.5,2.0,8,2,9,4,2,12,2,13,0,4,6,7,3,4,5,3,14,2
27-4032,Film and Video Editors,27,"Arts, Design, Entertainment, Sports, and Media",0,0.5,2.0,12,1,11,6,2,10,2,12,1,8,7,7,3,3,7,1,6,1
29-1011,Chiropractors,29,Healthcare Practitioners and Technical,0,0.55,1.5,11,1,8,5,1,8,2,14,1,7,2,7,5,3,11,5,5,4
29-1021,"Dentists, General",29,Healthcare Practitioners and Technical,0,0.55,1.5,8,1,8,6,2,9,2,12,1,8,3,6,4,3,13,4,9,1
29-1022,Oral and Maxillofacial Surgeons,29,Healthcare Practitioners and Technical,0,0.55,1.5,9,1,8,4,3,9,2,13,1,9,2,6,3,5,11,5,7,2
29-1023,Orthodontists,29,Healthcare Practitioners and Technical,0,0.55,1.5,7,1,8,6,1,9,2,15,1,6,3,7,4,6,15,3,5,1
29-1024,Prosthodontists,29,Healthcare Practitioners and Technical,0,0.55,1.5,9,1,7,5,2,8,2,10,1,8,5,6,4,5,11,4,9,3
29-1031,Dietitians and Nutritionists,29,Healthcare Practitioners and Technical,0,0.55,1.5,12,1,11,6,1,7,2,14,2,11,2,7,3,7,6,6,1,1
29-1041,Optometrists,29,Healthcare Practitioners and Technical,0,0.55,1.5,12,1,9,4,2,9,2,11,2,9,2,7,3,5,10,5,6,1
29-1051,Pharmacists,29,Healthcare Practitioners and Technical,0,0.55,1.5,14,1,10,5,2,9,3,12,1,9,1,6,3,4,10,3,6,1
29-1071,Physician Assistants,29,Healthcare Practitioners and Technical,0,0.55,1.5,10,1,10,4,2,11,2,14,1,10,2,6,2,5,6,5,7,2
29-1081,Podiatrists,29,Healthcare Practitioners and Technical,0,0.55,1.5,13,1,8,5,2,9,3,14,1,7,3,6,1,4,10,6,5,2
29-1122,Occupational Therapists,29,Healthcare Practitioners and Technical,0,0.55,1.5,9,1,8,7,1,9,2,14,1,8,3,8,3,7,6,5,4,4
29-1123,Physical Therapists,29,Healthcare Practitioners and Technical,0,0.55,1.5,10,1,8,5,1,8,2,16,1,8,3,7,2,6,7,5,6,4
29-1124,Radiation Therapists,29,Healthcare Practitioners and Technical,0,0.55,1.5,10,1,8,4,2,10,2,13,1,6,3,4,2,4,7,4,15,4
29-1125,Recreational Therapists,29,Healthcare Practitioners and Technical,0,0.55,1.5,8,1,8,8,1,7,2,13,1,5,5,6,4,6,11,6,4,4
29-1126,Respiratory Therapists,29,Healthcare Practitioners and Technical,0,0.55,1.5,10,1,9,6,2,9,2,11,1,8,2,6,2,4,7,5,12,3
29-1127,Speech-Language Pathologists,29,Healthcare Practitioners and Technical,0,0.55,1.5,14,1,9,7,1,9,3,14,1,10,3,9,2,6,4,4,2,1
29-1128,Exercise Physiologists,29,Healthcare Practitioners and Technical,0,0.55,1.5,10,1,9,5,1,6,2,18,2,8,2,6,3,6,7,5,5,4
29-1129,Art Therapists,29,Healthcare Practitioners and Technical,0,0.55,1.5,9,1,8,6,1,9,2,15,1,7,6,8,4,6,7,6,3,1
29-1131,Veterinarians,29,Healthcare Practitioners and Technical,0,0.55,1.5,9,1,11,3,2,11,2,19,2,7,1,8,4,3,7,3,5,2
29-1141,Registered Nurses,29,Healthcare Practitioners and Technical,0,0.55,1.5,10,1,9,5,1,9,2,14,1,9,3,6,3,6,9,5,5,2
29-1151,Nurse Anesthetists,29,Healthcare Practitioners and Technical,0,0.55,1.5,9,1,8,4,2,10,2,11,1,9,2,6,3,5,10,4,10,3
29-1161,Nurse Midwives,29,Healthcare Practitioners and Technical,0,0.55,1.5,10,1,9,5,1,10,2,16,1,8,2,6,4,5,9,5,4,2
29-1171,Nurse Practitioners,29,Healthcare Practitioners and Technical,0,0.55,1.5,11,1,9,5,1,10,2,17,1,10,2,6,3,6,8,4,2,2
29-1181,Audiologists,29,Healthcare Practitioners and Technical,0,0.55,1.5,12,1,8,5,1,7,2,17,1,8,2,5,5,5,8,4,8,1
29-1211,Anesthesiologists,29,Healthcare Practitioners and Technical,0,0.55,1.5,9,1,8,5,3,10,2,11,1,10,2,7,2,4,8,5,10,2
29-1213,Dermatologists,29,Healthcare Practitioners and Technical,0,0.55,1.5,12,1,9,6,1,8,3,17,2,6,1,7,2,5,10,6,2,2
29-1214,Emergency Medicine Physicians,29,Healthcare Practitioners and Technical,0,0.55,1.5,11,1,10,4,1,9,2,16,2,9,2,6,3,5,9,5,3,2
29-1215,Family Medicine Physicians,29,Healthcare Practitioners and Technical,0,0.55,1.5,12,1,12,4,1,11,3,20,2,10,1,7,2,1,4,7,2,0
29-1216,General Internal Medicine Physicians,29,Healthcare Practitioners and Technical,0,0.55,1.5,11,1,10,7,2,10,3,14,2,9,2,6,2,3,6,6,4,2
29-1217,Neurologists,29,Healthcare Practitioners and Technical,0,0.55,1.5,11,1,9,6,2,11,2,11,2,11,3,7,3,5,9,4,2,1
29-1218,Obstetricians and Gynecologists,29,Healthcare Practitioners and Technical,0,0.55,1.5,10,1,8,5,2,9,2,15,1,10,2,7,2,6,8,5,5,2
29-1221,"Pediatricians, General",29,Healthcare Practitioners and Technical,0,0.55,1.5,11,2,11,2,1,9,3,18,2,6,1,8,2,4,10,6,3,1
29-1222,"Physicians, Pathologists",29,Healthcare Practitioners and Technical,0,0.55,1.5,15,1,10,5,2,11,2,11,1,11,3,6,2,4,7,2,6,1
29-1223,Psychiatrists,29,Healthcare Practitioners and Technical,0,0.55,1.5,10,1,11,4,1,10,2,16,1,9,3,8,4,5,8,6,1,0
29-1224,Radiologists,29,Healthcare Practitioners and Technical,0,0.55,1.5,11,1,9,6,2,11,2,13,2,10,2,6,1,4,6,5,7,2
29-1229,Allergists and Immunologists,29,Healthcare Practitioners and Technical,0,0.55,1.5,11,1,8,5,2,10,2,13,1,10,2,7,3,5,9,5,4,2
29-1241,"Ophthalmologists, Except Pediatric",29,Healthcare Practitioners and Technical,0,0.55,1.5,8,1,8,5,3,11,2,12,1,10,3,7,4,3,9,4,7,2
29-1291,Acupuncturists,29,Healthcare Practitioners and Technical,0,0.55,1.5,11,1,11,6,1,8,3,17,1,8,3,7,3,4,4,7,3,2
29-1292,Dental Hygienists,29,Healthcare Practitioners and Technical,0,0.55,1.5,9,1,7,5,2,9,2,15,1,7,3,6,5,3,7,5,10,3
29-1299,Naturopathic Physicians,29,Healthcare Practitioners and Technical,0,0.55,1.5,12,1,10,4,1,9,3,16,2,8,2,7,3,5,7,6,3,1
29-2011,Medical and Clinical Laboratory Technologists,29,Healthcare Practitioners and Technical,0,0.55,1.5,13,2,10,5,2,10,3,9,1,9,2,6,1,5,8,1,12,1
29-2012,Medical and Clinical Laboratory Technicians,29,Healthcare Practitioners and Technical,0,0.55,1.5,12,1,9,5,2,11,2,9,1,8,2,7,1,5,7,1,15,2
29-2031,Cardiovascular Technologists and Technicians,29,Healthcare Practitioners and Technical,0,0.55,1.5,12,1,8,4,2,10,3,13,1,8,2,5,1,3,5,6,13,3
29-2032,Diagnostic Medical Sonographers,29,Healthcare Practitioners and Technical,0,0.55,1.5,11,1,9,4,2,8,2,15,1,7,2,5,3,4,6,5,11,4
29-2033,Nuclear Medicine Technologists,29,Healthcare Practitioners and Technical,0,0.55,1.5,13,1,9,5,2,8,2,13,1,6,2,4,2,4,8,5,12,3
29-2034,Radiologic Technologists and Technicians,29,Healthcare Practitioners and Technical,0,0.55,1.5,10,1,8,4,1,9,2,13,1,5,2,4,2,5,6,7,15,5
29-2035,Magnetic Resonance Imaging Technologists,29,Healthcare Practitioners and Technical,0,0.55,1.5,13,1,7,4,1,8,2,12,1,8,3,5,2,6,8,5,12,2
29-2036,Medical Dosimetrists,29,Healthcare Practitioners and Technical,0,0.55,1.5,18,1,10,8,2,9,3,10,1,10,5,7,1,3,6,2,4,0
29-2051,Dietetic Technicians,29,Healthcare Practitioners and Technical,0,0.55,1.5,8,1,8,6,2,11,2,9,1,10,3,5,3,5,10,4,9,3
29-2052,Pharmacy Technicians,29,Healthcare Practitioners and Technical,0,0.55,1.5,13,1,8,5,2,10,2,15,1,9,1,4,4,5,8,3,7,2
29-2053,Psychiatric Technicians,29,Healthcare Practitioners and Technical,0,0.55,1.5,9,2,9,6,0,10,3,12,1,6,2,4,7,6,8,8,4,3
29-2055,Surgical Technologists,29,Healthcare Practitioners and Technical,0,0.55,1.5,5,1,9,5,2,11,1,11,1,7,3,5,2,6,8,5,14,4
29-2056,Veterinary Technologists and Technicians,29,Healthcare Practitioners and Technical,0,0.55,1.5,8,1,8,5,2,11,2,14,1,6,2,4,3,4,7,5,12,5
29-2057,Ophthalmic Medical Technicians,29,Healthcare Practitioners and Technical,0,0.55,1.5,12,1,11,4,1,7,3,19,1,6,1,3,3,6,8,6,7,1
29-2061,Licensed Practical and Licensed Vocational Nurses,29,Healthcare Practitioners and Technical,0,0.55,1.5,10,1,9,7,2,10,2,11,1,7,2,6,3,5,10,5,6,3
29-2081,"Opticians, Dispensing",29,Healthcare Practitioners and Technical,0,0.55,1.5,11,1,7,4,2,7,2,17,1,8,3,5,6,5,10,3,7,1
29-2091,Orthotists and Prosthetists,29,Healthcare Practitioners and Technical,0,0.55,1.5,12,1,7,6,2,7,2,12,1,7,5,6,3,4,8,4,10,3
29-2092,Hearing Aid Specialists,29,Healthcare Practitioners and Technical,0,0.55,1.5,11,1,9,5,2,8,2,16,1,6,3,6,6,2,5,6,10,1
29-2099,Neurodiagnostic Technologists,29,Healthcare Practitioners and Technical,0,0.55,1.5,13,1,9,5,1,9,3,14,1,7,1,5,3,5,9,5,7,2
29-9091,Athletic Trainers,29,Healthcare Practitioners and Technical,0,0.55,1.5,10,1,9,7,2,8,3,13,1,6,4,9,1,5,6,7,4,4
29-9092,Genetic Counselors,29,Healthcare Practitioners and Technical,0,0.55,1.5,14,1,13,6,1,7,3,20,3,9,1,6,2,5,4,5,0,0
29-9093,Surgical Assistants,29,Healthcare Practitioners and Technical,0,0.55,1.5,7,1,8,4,2,13,1,12,1,7,2,6,3,4,6,6,12,5
29-9099,Midwives,29,Healthcare Practitioners and Technical,0,0.55,1.5,9,1,7,6,2,10,2,15,1,8,2,6,4,5,8,5,6,3
31-1121,Home Health Aides,31,Healthcare Support,0,0.58,1.1,7,2,9,6,2,11,2,12,1,7,3,5,3,4,6,7,9,4
31-1122,Personal Care Aides,31,Healthcare Support,0,0.58,1.1,7,1,8,5,2,8,2,13,1,6,3,6,4,6,9,6,8,5
31-1131,Nursing Assistants,31,Healthcare Support,0,0.58,1.1,8,1,8,5,2,10,2,12,1,6,3,5,4,5,9,6,8,5
31-1132,Orderlies,31,Healthcare Support,0,0.58,1.1,6,2,8,4,1,11,1,12,1,8,1,3,3,5,5,7,15,7
31-1133,Psychiatric Aides,31,Healthcare Support,0,0.58,1.1,8,2,11,5,1,10,3,11,1,6,3,6,5,7,7,6,4,4
31-2011,Occupational Therapy Assistants,31,Healthcare Support,0,0.58,1.1,9,2,8,6,1,9,3,13,1,6,5,7,3,5,7,5,6,4
31-2012,Occupational Therapy Aides,31,Healthcare Support,0,0.58,1.1,9,1,6,6,1,8,1,15,1,6,3,5,4,6,10,5,8,5
31-2021,Physical Therapist Assistants,31,Healthcare Support,0,0.58,1.1,9,2,8,4,1,10,3,16,1,7,3,5,2,4,6,6,8,5
31-2022,Physical Therapist Aides,31,Healthcare Support,0,0.58,1.1,9,2,8,4,1,11,2,16,1,6,3,5,2,4,8,7,8,3
31-9011,Massage Therapists,31,Healthcare Support,0,0.58,1.1,8,1,9,5,1,9,2,16,1,8,3,7,3,3,6,7,5,6
31-9091,Dental Assistants,31,Healthcare Support,0,0.58,1.1,10,1,8,7,2,11,1,11,1,6,3,5,4,5,8,5,10,2
31-9092,Medical Assistants,31,Healthcare Support,0,0.58,1.1,14,1,9,6,2,9,2,10,1,8,3,6,2,4,7,4,9,3
31-9093,Medical Equipment Preparers,31,Healthcare Support,0,0.58,1.1,10,1,8,6,3,15,2,10,1,8,2,5,2,3,5,2,13,4
31-9094,Medical Transcriptionists,31,Healthcare Support,0,0.58,1.1,22,2,11,8,1,10,4,14,1,9,0,4,1,2,4,4,2,1
31-9095,Pharmacy Aides,31,Healthcare Support,0,0.58,1.1,9,1,9,4,3,11,1,14,1,5,3,5,6,5,9,4,8,2
31-9096,Veterinary Assistants and Laboratory Animal Caretakers,31,Healthcare Support,0,0.58,1.1,11,1,6,5,2,9,3,15,1,5,2,5,5,4,6,4,11,5
31-9097,Phlebotomists,31,Healthcare Support,0,0.58,1.1,12,1,8,6,1,8,2,15,1,7,2,5,3,6,9,4,7,3
31-9099,Speech-Language Pathology Assistants,31,Healthcare Support,0,0.58,1.1,10,2,9,6,1,10,2,14,1,7,4,6,2,5,5,5,8,3
33-1011,First-Line Supervisors of Correctional Officers,33,Protective Service,0,0.58,1.3,11,1,6,6,2,9,2,11,1,8,2,5,5,7,11,3,6,4
33-1012,First-Line Supervisors of Police and Detectives,33,Protective Service,0,0.58,1.3,10,1,7,5,1,7,2,13,1,8,3,6,5,5,12,3,6,5
33-1021,First-Line Supervisors of Firefighting and Prevention Workers,33,Protective Service,0,0.58,1.3,7,1,6,5,2,8,1,11,1,6,3,6,4,6,14,3,10,6
33-1091,First-Line Supervisors of Security Workers,33,Protective Service,0,0.58,1.3,9,2,6,5,1,10,2,12,1,7,2,7,4,6,14,2,6,4
33-2011,Firefighters,33,Protective Service,0,0.58,1.3,7,1,7,4,2,9,2,12,1,6,3,6,3,5,9,4,11,8
33-2021,Fire Inspectors and Investigators,33,Protective Service,0,0.58,1.3,10,1,8,6,2,9,2,18,1,9,2,5,3,3,7,2,7,5
33-2022,Forest Fire Inspectors and Prevention Specialists,33,Protective Service,0,0.58,1.3,7,1,6,5,2,10,2,13,1,6,2,7,3,5,10,2,10,8
33-3011,Bailiffs,33,Protective Service,0,0.58,1.3,8,1,8,4,1,12,2,15,1,6,2,6,6,5,8,4,6,5
33-3012,Correctional Officers and Jailers,33,Protective Service,0,0.58,1.3,10,1,7,5,1,8,2,10,1,7,3,7,5,6,13,3,7,4
33-3021,Detectives and Criminal Investigators,33,Protective Service,0,0.58,1.3,13,2,10,5,1,9,2,15,1,9,3,7,3,4,6,2,4,4
33-3031,Fish and Game Wardens,33,Protective Service,0,0.58,1.3,9,1,7,6,1,9,2,19,1,7,3,6,5,3,4,2,7,8
33-3041,Parking Enforcement Workers,33,Protective Service,0,0.58,1.3,10,1,7,5,1,10,2,14,1,7,3,5,3,5,6,3,11,6
33-3051,Police and Sheriff's Patrol Officers,33,Protective Service,0,0.58,1.3,12,1,8,4,2,11,2,15,1,8,2,6,4,4,7,2,6,5
33-3052,Transit and Railroad Police,33,Protective Service,0,0.58,1.3,11,1,7,4,1,9,2,16,1,6,2,7,5,5,8,3,4,8
33-9011,Animal Control Workers,33,Protective Service,0,0.58,1.3,10,1,7,6,1,7,2,17,1,8,3,6,4,4,8,2,6,7
33-9021,Private Detectives and Investigators,33,Protective Service,0,0.58,1.3,14,1,10,7,2,12,3,14,1,9,3,8,3,2,5,0,3,3
33-9031,Gambling Surveillance Officers and Gambling Investigators,33,Protective Service,0,0.58,1.3,14,2,10,5,2,13,3,11,1,9,3,6,2,5,6,1,6,1
33-9032,Security Guards,33,Protective Service,0,0.58,1.3,9,1,6,5,2,9,2,16,1,7,3,6,4,5,11,3,5,5
33-9091,Crossing Guards and Flaggers,33,Protective Service,0,0.58,1.3,6,2,9,5,2,10,1,16,1,7,2,6,5,4,4,6,7,7
33-9092,"Lifeguards, Ski Patrol, and Other Recreational Protective Service Workers",33,Protective Service,0,0.58,1.3,6,1,8,4,2,9,2,14,1,4,2,5,2,6,10,6,10,8
33-9093,Transportation Security Screeners,33,Protective Service,0,0.58,1.3,6,1,9,3,2,10,1,16,1,7,1,5,3,6,10,2,12,5
33-9099,Retail Loss Prevention Specialists,33,Protective Service,0,0.58,1.3,13,1,8,6,2,11,2,11,1,10,2,6,3,5,9,2,5,3
35-1011,Chefs and Head Cooks,35,Food Preparation and Serving Related,0,0.6,1.0,6,1,6,7,2,8,1,10,0,6,4,5,4,8,18,2,8,4
35-1012,First-Line Supervisors of Food Preparation and Serving Workers,35,Food Preparation and Serving Related,0,0.6,1.0,8,1,7,6,2,9,1,13,1,7,3,4,5,6,13,2,9,3
35-2011,"Cooks, Fast Food",35,Food Preparation and Serving Related,0,0.6,1.0,7,1,8,4,1,11,1,14,1,5,4,6,5,6,10,1,10,5
35-2012,"Cooks, Institution and Cafeteria",35,Food Preparation and Serving Related,0,0.6,1.0,6,1,7,7,3,11,1,12,1,9,2,5,3,5,9,4,10,4
35-2013,"Cooks, Private Household",35,Food Preparation and Serving Related,0,0.6,1.0,8,1,9,8,3,10,1,12,0,5,5,6,5,3,9,2,7,6
35-2014,"Cooks, Restaurant",35,Food Preparation and Serving Related,0,0.6,1.0,6,1,7,5,2,15,0,8,0,5,2,5,2,6,10,1,18,7
35-2015,"Cooks, Short Order",35,Food Preparation and Serving Related,0,0.6,1.0,7,1,10,7,5,11,0,15,1,6,2,6,4,5,6,1,10,3
35-2021,Food Preparation Workers,35,Food Preparation and Serving Related,0,0.6,1.0,4,1,9,5,5,9,1,11,0,8,2,7,1,8,11,2,10,6
35-3011,Bartenders,35,Food Preparation and Serving Related,0,0.6,1.0,6,1,6,5,4,9,1,15,0,6,3,5,5,6,13,3,9,3
35-3023,Fast Food and Counter Workers,35,Food Preparation and Serving Related,0,0.6,1.0,6,2,7,5,2,9,1,18,1,4,2,5,7,5,8,3,11,4
35-3031,Waiters and Waitresses,35,Food Preparation and Serving Related,0,0.6,1.0,5,2,8,2,2,14,0,16,1,6,2,3,7,3,9,4,10,6
35-3041,"Food Servers, Nonrestaurant",35,Food Preparation and Serving Related,0,0.6,1.0,6,1,8,4,1,12,1,16,1,7,2,4,4,6,8,4,10,5
35-9011,Dining Room and Cafeteria Attendants and Bartender Helpers,35,Food Preparation and Serving Related,0,0.6,1.0,7,2,6,6,2,9,1,17,1,4,3,5,6,6,11,4,8,2
35-9021,Dishwashers,35,Food Preparation and Serving Related,0,0.6,1.0,4,1,5,5,2,12,0,8,0,8,2,6,3,7,9,3,19,6
35-9031,"Hosts and Hostesses, Restaurant, Lounge, and Coffee Shop",35,Food Preparation and Serving Related,0,0.6,1.0,4,1,7,3,3,15,1,19,0,4,1,4,7,4,8,4,10,5
37-1011,First-Line Supervisors of Housekeeping and Janitorial Workers,37,Building and Grounds Cleaning and Maintenance,0,0.6,1.0,8,1,6,6,2,7,1,11,1,6,3,5,4,7,16,3,10,3
37-1012,"First-Line Supervisors of Landscaping, Lawn Service, and Groundskeeping Workers",37,Building and Grounds Cleaning and Maintenance,0,0.6,1.0,6,1,6,7,2,9,1,11,1,6,4,5,3,5,15,1,11,6
37-2011,"Janitors and Cleaners, Except Maids and Housekeeping Cleaners",37,Building and Grounds Cleaning and Maintenance,0,0.6,1.0,7,2,6,7,2,9,1,10,1,6,3,7,3,5,12,2,12,5
37-2012,Maids and Housekeeping Cleaners,37,Building and Grounds Cleaning and Maintenance,0,0.6,1.0,5,2,7,7,1,8,1,15,1,5,2,4,3,5,9,5,12,8
37-2021,Pest Control Workers,37,Building and Grounds Cleaning and Maintenance,0,0.6,1.0,6,1,9,6,2,11,2,14,1,6,3,6,5,3,5,1,11,8
37-3011,Landscaping and Groundskeeping Workers,37,Building and Grounds Cleaning and Maintenance,0,0.6,1.0,2,1,10,7,2,8,0,8,0,5,4,6,2,5,6,4,21,9
37-3012,"Pesticide Handlers, Sprayers, and Applicators, Vegetation",37,Building and Grounds Cleaning and Maintenance,0,0.6,1.0,6,1,7,5,2,11,2,13,1,6,2,5,4,4,7,2,13,9
37-3013,Tree Trimmers and Pruners,37,Building and Grounds Cleaning and Maintenance,0,0.6,1.0,3,1,8,4,2,12,0,8,1,6,3,6,2,4,5,2,21,12
39-1013,First-Line Supervisors of Gambling Services Workers,39,Personal Care and Service,0,0.58,1.1,11,2,7,5,1,8,2,18,1,7,1,5,5,6,12,2,5,2
39-1022,First-Line Supervisors of Personal Service Workers,39,Personal Care and Service,0,0.58,1.1,12,1,8,5,2,11,2,12,1,7,2,6,4,6,10,2,7,2
39-2011,Animal Trainers,39,Personal Care and Service,0,0.58,1.1,6,1,6,6,1,10,2,17,1,6,4,8,5,7,8,2,4,6
39-2021,Animal Caretakers,39,Personal Care and Service,0,0.58,1.1,8,2,9,6,1,12,2,14,1,5,3,6,3,4,5,3,9,7
39-3011,Gambling Dealers,39,Personal Care and Service,0,0.58,1.1,4,2,8,2,0,9,1,29,1,7,1,3,5,7,7,3,8,3
39-3012,Gambling and Sports Book Writers and Runners,39,Personal Care and Service,0,0.58,1.1,10,2,9,3,1,10,1,22,1,4,2,4,5,5,9,4,6,2
39-3021,Motion Picture Projectionists,39,Personal Care and Service,0,0.58,1.1,12,2,9,5,1,10,1,13,0,4,1,4,1,5,5,1,24,2
39-3031,"Ushers, Lobby Attendants, and Ticket Takers",39,Personal Care and Service,0,0.58,1.1,7,1,9,3,1,9,1,23,1,4,2,4,7,5,8,4,9,2
39-3091,Amusement and Recreation Attendants,39,Personal Care and Service,0,0.58,1.1,9,1,8,5,1,8,1,20,1,5,4,5,5,6,6,3,8,4
39-3092,Costume Attendants,39,Personal Care and Service,0,0.58,1.1,6,2,8,6,3,11,1,11,1,4,7,7,2,3,10,3,11,4
39-3093,"Locker Room, Coatroom, and Dressing Room Attendants",39,Personal Care and Service,0,0.58,1.1,2,1,12,3,1,14,0,25,0,3,2,4,5,3,8,3,8,6
39-4011,Embalmers,39,Personal Care and Service,0,0.58,1.1,11,1,8,5,2,10,3,15,1,6,2,6,2,2,5,5,10,6
39-4021,Funeral Attendants,39,Personal Care and Service,0,0.58,1.1,6,2,7,3,1,9,1,22,1,4,2,4,2,3,6,7,11,9
39-4031,"Morticians, Undertakers, and Funeral Arrangers",39,Personal Care and Service,0,0.58,1.1,10,1,7,8,1,6,2,16,1,6,3,5,5,2,10,4,8,5
39-5011,Barbers,39,Personal Care and Service,0,0.58,1.1,3,0,7,5,2,8,0,19,0,7,6,6,4,2,5,5,15,6
39-5012,"Hairdressers, Hairstylists, and Cosmetologists",39,Personal Care and Service,0,0.58,1.1,6,1,8,6,2,7,1,17,1,6,5,5,8,5,8,4,6,4
39-5091,"Makeup Artists, Theatrical and Performance",39,Personal Care and Service,0,0.58,1.1,7,2,9,8,1,9,1,14,0,4,6,7,4,5,12,3,5,3
39-5092,Manicurists and Pedicurists,39,Personal Care and Service,0,0.58,1.1,4,1,8,6,2,8,1,19,1,5,5,2,8,5,8,5,8,4
39-5093,Shampooers,39,Personal Care and Service,0,0.58,1.1,5,2,7,6,2,11,1,17,1,4,3,4,7,4,9,5,8,4
39-5094,Skincare Specialists,39,Personal Care and Service,0,0.58,1.1,8,1,7,8,2,9,1,12,0,8,3,4,7,5,8,5,9,3
39-6011,Baggage Porters and Bellhops,39,Personal Care and Service,0,0.58,1.1,7,1,7,5,1,9,1,15,1,6,2,4,4,5,7,4,13,8
39-6012,Concierges,39,Personal Care and Service,0,0.58,1.1,10,1,10,6,2,8,2,17,1,7,4,6,4,5,10,4,2,1
39-7011,Tour Guides and Escorts,39,Personal Care and Service,0,0.58,1.1,6,2,13,4,1,11,1,29,2,4,3,5,2,5,5,2,3,2
39-7012,Travel Guides,39,Personal Care and Service,0,0.58,1.1,7,1,8,5,2,13,2,16,1,4,5,7,5,4,6,3,7,4
39-9011,Childcare Workers,39,Personal Care and Service,0,0.58,1.1,5,1,8,8,1,8,1,11,1,5,5,8,5,6,8,7,6,6
39-9031,Exercise Trainers and Group Fitness Instructors,39,Personal Care and Service,0,0.58,1.1,5,1,10,6,1,6,1,16,1,6,5,6,4,9,5,4,8,6
39-9032,Recreation Workers,39,Personal Care and Service,0,0.58,1.1,10,1,7,7,2,8,2,14,1,7,4,6,4,5,12,2,5,3
39-9041,Residential Advisors,39,Personal Care and Service,0,0.58,1.1,10,1,6,8,2,10,2,12,1,7,2,6,4,5,11,6,5,2
41-1011,First-Line Supervisors of Retail Sales Workers,41,Sales and Related,0,0.5,1.3,7,1,6,6,1,9,1,17,1,6,1,6,7,9,14,2,4,2
41-1012,First-Line Supervisors of Non-Retail Sales Workers,41,Sales and Related,0,0.5,1.3,10,1,7,6,1,9,1,12,1,8,2,8,6,8,15,1,3,1
41-2011,Cashiers,41,Sales and Related,0,0.5,1.3,9,1,13,3,1,10,1,22,1,6,2,4,4,5,6,2,7,3
41-2012,Gambling Change Persons and Booth Cashiers,41,Sales and Related,0,0.5,1.3,12,1,8,5,1,8,1,15,1,8,2,5,5,6,10,2,8,2
41-2021,Counter and Rental Clerks,41,Sales and Related,0,0.5,1.3,13,1,5,3,2,9,3,17,1,5,3,6,6,4,7,2,9,4
41-2022,Parts Salespersons,41,Sales and Related,0,0.5,1.3,12,1,8,6,1,8,2,14,1,5,3,6,6,4,9,2,8,4
41-2031,Retail Salespersons,41,Sales and Related,0,0.5,1.3,8,1,9,4,2,10,1,19,1,4,3,7,10,3,5,2,8,3
41-3011,Advertising Sales Agents,41,Sales and Related,0,0.5,1.3,12,1,8,7,1,7,1,22,1,6,5,7,12,2,4,1,1,2
41-3021,Insurance Sales Agents,41,Sales and Related,0,0.5,1.3,14,1,9,8,1,9,1,18,1,9,3,7,9,2,5,1,1,1
41-3031,"Securities, Commodities, and Financial Services Sales Agents",41,Sales and Related,0,0.5,1.3,15,1,10,6,2,9,2,17,2,11,2,7,6,3,6,1,0,0
41-3041,Travel Agents,41,Sales and Related,0,0.5,1.3,18,1,11,5,2,7,2,22,1,6,2,5,7,3,5,1,2,0
41-4011,"Sales Representatives, Wholesale and Manufacturing, Technical and Scientific Products",41,Sales and Related,0,0.5,1.3,11,1,10,8,2,8,1,18,1,7,3,7,9,3,6,1,2,2
41-4012,"Sales Representatives, Wholesale and Manufacturing, Except Technical and Scientific Products",41,Sales and Related,0,0.5,1.3,12,1,10,5,2,10,2,14,0,4,4,7,10,2,4,2,4,7
41-9011,Demonstrators and Product Promoters,41,Sales and Related,0,0.5,1.3,5,1,6,4,2,8,1,25,1,5,4,5,9,4,8,2,7,3
41-9012,Models,41,Sales and Related,0,0.5,1.3,4,1,8,12,0,5,2,18,0,1,12,2,2,1,3,1,4,24
41-9021,Real Estate Brokers,41,Sales and Related,0,0.5,1.3,13,1,11,6,2,9,2,14,1,10,4,6,7,3,7,1,2,1
41-9022,Real Estate Sales Agents,41,Sales and Related,0,0.5,1.3,11,1,8,7,1,6,1,17,1,7,3,7,9,4,9,2,2,4
41-9031,Sales Engineers,41,Sales and Related,0,0.5,1.3,11,1,10,5,5,8,1,18,1,10,5,7,8,4,4,1,1,0
41-9041,Telemarketers,41,Sales and Related,0,0.5,1.3,10,1,10,5,1,9,1,19,1,9,3,8,11,2,4,4,2,0
41-9091,"Door-to-Door Sales Workers, News and Street Vendors, and Related Workers",41,Sales and Related,0,0.5,1.3,10,1,7,8,1,5,1,21,1,3,2,4,11,8,12,1,2,2
43-1011,First-Line Supervisors of Office and Administrative Support Workers,43,Office and Administrative Support,0,0.48,1.2,13,1,7,5,1,9,2,11,1,9,3,6,4,6,15,2,4,1
43-2011,"Switchboard Operators, Including Answering Service",43,Office and Administrative Support,0,0.48,1.2,19,2,14,2,0,14,2,24,0,7,1,3,2,2,5,2,1,0
43-2021,Telephone Operators,43,Office and Administrative Support,0,0.48,1.2,17,2,13,4,2,9,3,18,2,6,1,4,2,5,4,3,4,1
43-3011,Bill and Account Collectors,43,Office and Administrative Support,0,0.48,1.2,18,2,8,8,2,9,3,15,1,6,1,6,5,4,7,1,3,1
43-3021,Billing and Posting Clerks,43,Office and Administrative Support,0,0.48,1.2,24,2,15,7,0,5,2,15,1,10,2,5,2,3,4,2,1,0
43-3031,"Bookkeeping, Accounting, and Auditing Clerks",43,Office and Administrative Support,0,0.48,1.2,20,2,11,7,1,9,3,18,1,8,1,6,3,2,6,1,1,0
43-3041,Gambling Cage Workers,43,Office and Administrative Support,0,0.48,1.2,13,1,9,3,1,8,2,15,1,7,1,5,3,7,11,1,9,3
43-3051,Payroll and Timekeeping Clerks,43,Office and Administrative Support,0,0.48,1.2,23,2,12,6,1,8,3,13,1,10,2,6,2,3,5,2,1,0
43-3061,Procurement Clerks,43,Office and Administrative Support,0,0.48,1.2,17,2,10,7,1,9,2,15,1,8,2,6,4,4,6,2,3,1
43-3071,Tellers,43,Office and Administrative Support,0,0.48,1.2,12,1,8,5,2,9,2,19,1,9,2,5,7,3,6,2,6,1
43-4011,Brokerage Clerks,43,Office and Administrative Support,0,0.48,1.2,22,1,13,5,2,8,2,18,1,11,1,6,3,2,3,1,1,0
43-4021,Correspondence Clerks,43,Office and Administrative Support,0,0.48,1.2,22,2,9,7,2,8,3,18,1,6,2,6,2,2,5,2,2,1
43-4031,"Court, Municipal, and License Clerks",43,Office and Administrative Support,0,0.48,1.2,18,2,11,6,1,7,3,19,1,8,1,5,3,4,6,2,3,0
43-4041,"Credit Authorizers, Checkers, and Clerks",43,Office and Administrative Support,0,0.48,1.2,16,2,11,5,2,5,3,21,1,7,1,5,6,5,9,1,0,0
43-4051,Customer Service Representatives,43,Office and Administrative Support,0,0.48,1.2,16,2,9,6,2,7,2,18,1,6,2,5,5,5,9,1,3,1
43-4061,"Eligibility Interviewers, Government Programs",43,Office and Administrative Support,0,0.48,1.2,19,2,12,7,1,6,3,18,2,10,2,6,3,2,5,2,0,0
43-4071,File Clerks,43,Office and Administrative Support,0,0.48,1.2,16,1,8,8,1,9,2,14,1,9,2,6,4,4,8,2,3,2
43-4081,"Hotel, Motel, and Resort Desk Clerks",43,Office and Administrative Support,0,0.48,1.2,14,2,9,4,1,9,2,18,1,6,2,7,7,4,8,2,3,1
43-4111,"Interviewers, Except Eligibility and Loan",43,Office and Administrative Support,0,0.48,1.2,15,1,8,6,1,7,2,16,1,10,2,7,3,5,10,3,2,1
43-4121,"Library Assistants, Clerical",43,Office and Administrative Support,0,0.48,1.2,18,2,12,5,1,9,2,17,1,4,3,4,2,3,6,3,7,1
43-4131,Loan Interviewers and Clerks,43,Office and Administrative Support,0,0.48,1.2,18,1,10,6,1,8,1,20,1,10,2,6,5,2,4,1,4,0
43-4141,New Accounts Clerks,43,Office and Administrative Support,0,0.48,1.2,11,2,11,5,0,10,1,16,1,8,1,7,8,5,7,3,3,1
43-4151,Order Clerks,43,Office and Administrative Support,0,0.48,1.2,15,2,10,7,2,10,2,12,1,8,2,6,5,5,6,2,4,1
43-4161,"Human Resources Assistants, Except Payroll and Timekeeping",43,Office and Administrative Support,0,0.48,1.2,19,2,8,8,1,10,2,16,1,8,1,6,3,3,7,2,2,1
43-4171,Receptionists and Information Clerks,43,Office and Administrative Support,0,0.48,1.2,17,2,10,6,1,6,2,20,1,4,1,6,5,3,7,4,4,1
43-4181,Reservation and Transportation Ticket Agents and Travel Clerks,43,Office and Administrative Support,0,0.48,1.2,12,1,9,3,2,10,2,19,1,8,1,5,5,3,4,3,8,4
43-5011,Cargo and Freight Agents,43,Office and Administrative Support,0,0.48,1.2,9,1,7,5,3,10,2,12,1,7,5,6,5,3,8,1,11,4
43-5021,Couriers and Messengers,43,Office and Administrative Support,0,0.48,1.2,8,2,12,4,2,10,4,16,1,6,1,3,2,1,2,2,11,13
43-5031,Public Safety Telecommunicators,43,Office and Administrative Support,0,0.48,1.2,15,1,9,5,2,8,3,15,1,6,2,6,4,5,8,4,5,1
43-5032,"Dispatchers, Except Police, Fire, and Ambulance",43,Office and Administrative Support,0,0.48,1.2,11,1,10,6,2,13,2,13,1,6,2,7,5,5,9,2,4,1
43-5041,"Meter Readers, Utilities",43,Office and Administrative Support,0,0.48,1.2,12,1,8,5,3,8,3,17,1,5,2,4,2,3,4,1,11,10
43-5051,Postal Service Clerks,43,Office and Administrative Support,0,0.48,1.2,11,1,9,4,2,10,2,17,1,9,2,4,5,4,6,1,8,4
43-5052,Postal Service Mail Carriers,43,Office and Administrative Support,0,0.48,1.2,6,1,9,3,1,9,2,20,0,3,1,3,3,2,1,1,12,23
43-5053,"Postal Service Mail Sorters, Processors, and Processing Machine Operators",43,Office and Administrative Support,0,0.48,1.2,9,2,9,3,1,11,1,12,1,7,1,4,1,6,5,2,17,8
43-5061,"Production, Planning, and Expediting Clerks",43,Office and Administrative Support,0,0.48,1.2,17,2,9,8,2,12,2,11,1,9,3,7,1,2,8,1,4,1
43-5071,"Shipping, Receiving, and Inventory Clerks",43,Office and Administrative Support,0,0.48,1.2,10,2,9,7,2,7,2,12,1,6,2,4,4,5,8,1,11,7
43-5111,"Weighers, Measurers, Checkers, and Samplers, Recordkeeping",43,Office and Administrative Support,0,0.48,1.2,11,1,7,6,3,11,2,10,1,7,2,5,2,5,9,1,13,4
43-6011,Executive Secretaries and Executive Administrative Assistants,43,Office and Administrative Support,0,0.48,1.2,17,2,10,11,1,8,2,17,1,5,3,5,3,2,6,3,3,1
43-6012,Legal Secretaries and Administrative Assistants,43,Office and Administrative Support,0,0.48,1.2,19,2,8,9,1,10,2,17,1,7,2,6,1,4,5,2,3,1
43-6013,Medical Secretaries and Administrative Assistants,43,Office and Administrative Support,0,0.48,1.2,17,1,8,7,1,6,2,17,1,8,2,6,5,3,8,4,3,1
43-6014,"Secretaries and Administrative Assistants, Except Legal, Medical, and Executive",43,Office and Administrative Support,0,0.48,1.2,19,2,9,8,1,9,2,17,1,7,3,5,3,3,5,3,2,1
43-9021,Data Entry Keyers,43,Office and Administrative Support,0,0.48,1.2,21,2,10,5,2,9,3,13,1,9,2,7,1,4,6,1,3,1
43-9022,Word Processors and Typists,43,Office and Administrative Support,0,0.48,1.2,19,2,8,8,2,6,3,18,1,7,2,4,3,3,5,3,5,1
43-9031,Desktop Publishers,43,Office and Administrative Support,0,0.48,1.2,15,1,11,8,1,8,2,13,2,6,6,7,2,4,8,1,4,1
43-9041,Insurance Claims and Policy Processing Clerks,43,Office and Administrative Support,0,0.48,1.2,22,2,11,5,1,9,3,18,1,10,1,5,3,3,3,2,1,0
43-9051,"Mail Clerks and Mail Machine Operators, Except Postal Service",43,Office and Administrative Support,0,0.48,1.2,11,1,7,3,3,10,1,9,1,6,3,4,3,4,6,3,18,7
43-9061,"Office Clerks, General",43,Office and Administrative Support,0,0.48,1.2,18,2,10,8,1,9,2,17,1,7,2,4,2,3,6,2,4,2
43-9071,"Office Machine Operators, Except Computer",43,Office and Administrative Support,0,0.48,1.2,11,1,9,7,2,9,1,12,1,4,4,5,3,4,10,1,13,3
43-9081,Proofreaders and Copy Markers,43,Office and Administrative Support,0,0.48,1.2,23,2,18,9,1,10,3,14,1,10,2,4,0,0,1,0,2,0
43-9111,Statistical Assistants,43,Office and Administrative Support,0,0.48,1.2,18,2,11,7,2,5,2,17,2,12,2,6,2,4,7,1,0,0
45-1011,"First-Line Supervisors of Farming, Fishing, and Forestry Workers",45,"Farming, Fishing, and Forestry",0,0.6,1.0,7,1,7,6,3,10,1,9,1,6,3,6,3,4,12,1,14,6
45-2011,Agricultural Inspectors,45,"Farming, Fishing, and Forestry",0,0.6,1.0,11,2,8,6,2,12,3,15,1,9,1,4,4,4,5,1,7,5
45-2021,Animal Breeders,45,"Farming, Fishing, and Forestry",0,0.6,1.0,11,1,8,5,2,14,3,10,0,6,1,7,3,3,5,2,11,8
45-2041,"Graders and Sorters, Agricultural Products",45,"Farming, Fishing, and Forestry",0,0.6,1.0,6,2,9,4,3,18,1,11,1,6,1,4,2,4,7,1,14,6
45-2091,Agricultural Equipment Operators,45,"Farming, Fishing, and Forestry",0,0.6,1.0,7,1,6,2,1,8,1,10,0,4,3,2,4,4,13,3,21,10
45-2092,"Farmworkers and Laborers, Crop, Nursery, and Greenhouse",45,"Farming, Fishing, and Forestry",0,0.6,1.0,6,1,7,5,3,9,1,11,1,7,3,5,3,5,8,2,15,8
45-2093,"Farmworkers, Farm, Ranch, and Aquacultural Animals",45,"Farming, Fishing, and Forestry",0,0.6,1.0,7,1,6,5,3,12,2,10,1,6,2,7,2,4,10,2,11,9
45-3031,Fishing and Hunting Workers,45,"Farming, Fishing, and Forestry",0,0.6,1.0,7,0,8,5,2,9,1,6,0,6,5,7,3,4,7,2,18,10
45-4011,Forest and Conservation Workers,45,"Farming, Fishing, and Forestry",0,0.6,1.0,8,1,8,5,2,10,1,14,1,5,3,7,1,3,6,0,13,12
45-4021,Fallers,45,"Farming, Fishing, and Forestry",0,0.6,1.0,1,1,7,2,3,18,0,7,0,3,1,5,1,1,2,2,30,16
45-4022,Logging Equipment Operators,45,"Farming, Fishing, and Forestry",0,0.6,1.0,3,1,7,4,4,9,1,10,1,7,3,6,2,3,9,3,19,8
45-4023,Log Graders and Scalers,45,"Farming, Fishing, and Forestry",0,0.6,1.0,11,1,6,5,4,12,2,10,1,8,2,5,3,4,8,1,11,6
47-1011,First-Line Supervisors of Construction Trades and Extraction Workers,47,Construction and Extraction,0,0.58,1.1,6,1,7,7,2,9,1,11,1,6,4,6,3,4,11,1,14,6
47-2011,Boilermakers,47,Construction and Extraction,0,0.58,1.1,8,1,9,6,2,10,1,8,0,6,4,6,1,2,7,1,20,8
47-2021,Brickmasons and Blockmasons,47,Construction and Extraction,0,0.58,1.1,4,1,7,8,3,11,1,9,1,6,4,6,2,4,11,1,14,7
47-2022,Stonemasons,47,Construction and Extraction,0,0.58,1.1,5,1,7,5,3,10,1,9,1,5,5,6,3,4,9,1,16,9
47-2031,Carpenters,47,Construction and Extraction,0,0.58,1.1,6,1,7,6,2,11,1,10,1,6,6,5,3,4,10,1,13,7
47-2041,Carpet Installers,47,Construction and Extraction,0,0.58,1.1,3,1,9,5,4,10,0,11,0,5,5,6,2,4,7,0,17,11
47-2042,"Floor Layers, Except Carpet, Wood, and Hard Tiles",47,Construction and Extraction,0,0.58,1.1,6,2,8,8,3,10,1,12,1,6,5,7,3,3,8,1,10,6
47-2043,Floor Sanders and Finishers,47,Construction and Extraction,0,0.58,1.1,5,1,7,5,3,10,1,12,1,5,4,5,3,5,9,1,17,6
47-2044,Tile and Stone Setters,47,Construction and Extraction,0,0.58,1.1,3,1,9,7,4,12,1,9,1,6,7,6,2,4,6,1,14,7
47-2051,Cement Masons and Concrete Finishers,47,Construction and Extraction,0,0.58,1.1,5,1,7,8,2,11,1,6,0,5,3,6,3,4,12,1,17,8
47-2053,Terrazzo Workers and Finishers,47,Construction and Extraction,0,0.58,1.1,3,1,7,8,3,9,0,9,1,4,4,6,2,5,8,1,20,9
47-2061,Construction Laborers,47,Construction and Extraction,0,0.58,1.1,4,1,7,6,2,11,1,10,1,8,4,6,3,4,9,1,16,6
47-2071,"Paving, Surfacing, and Tamping Equipment Operators",47,Construction and Extraction,0,0.58,1.1,4,1,7,5,3,11,1,9,0,6,3,5,1,6,8,2,19,9
47-2072,Pile Driver Operators,47,Construction and Extraction,0,0.58,1.1,6,1,7,5,2,11,2,7,1,5,4,6,1,3,4,1,24,10
47-2073,Operating Engineers and Other Construction Equipment Operators,47,Construction and Extraction,0,0.58,1.1,5,1,7,6,3,11,1,11,1,7,3,7,3,4,7,2,13,8
47-2081,Drywall and Ceiling Tile Installers,47,Construction and Extraction,0,0.58,1.1,3,1,8,6,3,9,0,9,1,5,7,5,1,5,10,2,16,9
47-2082,Tapers,47,Construction and Extraction,0,0.58,1.1,2,2,10,6,2,10,0,10,0,4,2,6,2,5,7,2,18,12
47-2111,Electricians,47,Construction and Extraction,0,0.58,1.1,4,1,8,6,2,10,1,11,1,7,4,5,3,4,11,1,14,7
47-2121,Glaziers,47,Construction and Extraction,0,0.58,1.1,5,1,8,6,2,10,1,11,1,6,5,5,3,5,7,2,15,7
47-2131,"Insulation Workers, Floor, Ceiling, and Wall",47,Construction and Extraction,0,0.58,1.1,3,2,7,4,2,10,1,11,1,5,3,5,4,5,8,2,17,10
47-2132,"Insulation Workers, Mechanical",47,Construction and Extraction,0,0.58,1.1,4,1,7,7,2,11,1,10,1,5,3,6,2,6,10,2,13,9
47-2141,"Painters, Construction and Maintenance",47,Construction and Extraction,0,0.58,1.1,3,1,6,8,2,10,1,13,1,5,3,9,3,5,9,2,11,8
47-2142,Paperhangers,47,Construction and Extraction,0,0.58,1.1,3,1,6,6,3,9,1,14,1,3,2,5,3,4,8,1,15,15
47-2151,Pipelayers,47,Construction and Extraction,0,0.58,1.1,3,1,8,5,2,10,0,13,1,5,4,5,2,5,8,2,17,9
47-2152,"Plumbers, Pipefitters, and Steamfitters",47,Construction and Extraction,0,0.58,1.1,6,1,8,6,2,10,1,11,1,6,6,5,3,5,7,1,14,7
47-2161,Plasterers and Stucco Masons,47,Construction and Extraction,0,0.58,1.1,4,1,8,4,2,9,1,11,1,7,4,6,3,5,11,2,13,8
47-2171,Reinforcing Iron and Rebar Workers,47,Construction and Extraction,0,0.58,1.1,3,1,8,7,3,10,1,8,1,5,3,5,2,6,10,1,18,8
47-2181,Roofers,47,Construction and Extraction,0,0.58,1.1,4,1,7,5,3,10,1,10,1,4,4,5,5,6,10,1,15,8
47-2211,Sheet Metal Workers,47,Construction and Extraction,0,0.58,1.1,6,1,7,4,2,9,1,13,0,7,4,4,5,7,11,1,12,6
47-2221,Structural Iron and Steel Workers,47,Construction and Extraction,0,0.58,1.1,3,2,8,7,2,10,0,9,1,5,4,7,1,3,7,1,19,11
47-2231,Solar Photovoltaic Installers,47,Construction and Extraction,0,0.58,1.1,6,1,6,5,2,10,1,9,1,7,4,5,2,5,8,1,17,10
47-3011,"Helpers--Brickmasons, Blockmasons, Stonemasons, and Tile and Marble Setters",47,Construction and Extraction,0,0.58,1.1,3,1,8,7,3,13,0,7,1,5,5,7,1,4,7,2,17,9
47-3012,Helpers--Carpenters,47,Construction and Extraction,0,0.58,1.1,3,1,9,5,2,9,0,8,1,5,6,7,1,3,6,1,22,11
47-3013,Helpers--Electricians,47,Construction and Extraction,0,0.58,1.1,6,1,6,5,2,9,1,9,1,8,5,6,4,4,9,2,16,6
47-3014,"Helpers--Painters, Paperhangers, Plasterers, and Stucco Masons",47,Construction and Extraction,0,0.58,1.1,2,3,8,5,2,8,0,12,0,7,2,6,3,5,7,2,17,11
47-3015,"Helpers--Pipelayers, Plumbers, Pipefitters, and Steamfitters",47,Construction and Extraction,0,0.58,1.1,4,1,8,5,3,10,0,9,1,8,6,6,2,2,8,2,18,7
47-3016,Helpers--Roofers,47,Construction and Extraction,0,0.58,1.1,6,1,7,5,2,9,1,11,1,7,6,6,4,6,11,3,8,6
47-4011,Construction and Building Inspectors,47,Construction and Extraction,0,0.58,1.1,12,1,9,6,2,7,2,13,1,10,3,5,4,4,7,1,8,5
47-4021,Elevator and Escalator Installers and Repairers,47,Construction and Extraction,0,0.58,1.1,8,1,8,5,1,9,1,8,1,8,4,6,2,4,5,1,21,7
47-4031,Fence Erectors,47,Construction and Extraction,0,0.58,1.1,5,1,6,7,2,6,1,12,1,4,4,4,3,5,10,3,17,9
47-4041,Hazardous Materials Removal Workers,47,Construction and Extraction,0,0.58,1.1,7,1,7,5,2,10,1,11,1,8,4,4,3,3,10,2,15,6
47-4051,Highway Maintenance Workers,47,Construction and Extraction,0,0.58,1.1,6,1,6,6,1,9,1,17,1,5,3,4,6,4,11,3,10,6
47-4061,Rail-Track Laying and Maintenance Equipment Operators,47,Construction and Extraction,0,0.58,1.1,5,1,8,6,3,10,1,9,1,7,4,6,2,4,9,1,14,9
47-4071,Septic Tank Servicers and Sewer Pipe Cleaners,47,Construction and Extraction,0,0.58,1.1,4,1,10,5,2,9,2,14,1,5,3,6,2,4,4,1,14,13
47-4091,Segmental Pavers,47,Construction and Extraction,0,0.58,1.1,3,1,5,5,3,7,0,12,1,6,3,5,5,6,12,2,15,9
47-4099,Weatherization Installers and Technicians,47,Construction and Extraction,0,0.58,1.1,8,1,7,6,2,8,1,10,1,7,4,6,3,6,11,1,11,7
47-5011,"Derrick Operators, Oil and Gas",47,Construction and Extraction,0,0.58,1.1,6,1,6,3,2,10,2,9,1,4,2,5,2,5,9,1,24,8
47-5012,"Rotary Drill Operators, Oil and Gas",47,Construction and Extraction,0,0.58,1.1,6,1,6,4,2,10,1,7,1,6,3,5,2,6,11,2,19,8
47-5013,"Service Unit Operators, Oil and Gas",47,Construction and Extraction,0,0.58,1.1,5,1,5,5,2,10,1,11,1,5,3,4,4,7,11,3,16,6
47-5022,"Excavating and Loading Machine and Dragline Operators, Surface Mining",47,Construction and Extraction,0,0.58,1.1,4,1,6,5,3,10,1,8,1,6,4,6,2,5,8,2,19,9
47-5023,"Earth Drillers, Except Oil and Gas",47,Construction and Extraction,0,0.58,1.1,3,1,7,4,2,10,1,8,1,5,4,5,3,4,8,3,23,8
47-5032,"Explosives Workers, Ordnance Handling Experts, and Blasters",47,Construction and Extraction,0,0.58,1.1,8,1,8,6,3,10,2,8,1,7,3,6,2,5,10,1,12,7
47-5041,Continuous Mining Machine Operators,47,Construction and Extraction,0,0.58,1.1,3,1,7,5,2,9,0,7,1,8,3,7,1,5,8,2,23,8
47-5043,"Roof Bolters, Mining",47,Construction and Extraction,0,0.58,1.1,4,1,8,4,2,13,1,5,1,6,2,5,1,6,8,2,22,9
47-5044,"Loading and Moving Machine Operators, Underground Mining",47,Construction and Extraction,0,0.58,1.1,3,1,7,3,2,13,1,7,1,5,2,4,2,5,8,1,23,12
47-5051,"Rock Splitters, Quarry",47,Construction and Extraction,0,0.58,1.1,4,1,6,4,2,12,1,7,0,6,3,5,1,4,6,3,23,12
47-5071,"Roustabouts, Oil and Gas",47,Construction and Extraction,0,0.58,1.1,5,1,6,7,2,10,1,9,0,5,4,5,3,4,9,2,17,10
47-5081,Helpers--Extraction Workers,47,Construction and Extraction,0,0.58,1.1,5,1,5,4,3,8,1,8,1,8,3,6,3,5,10,3,18,8
49-1011,"First-Line Supervisors of Mechanics, Installers, and Repairers",49,"Installation, Maintenance, and Repair",0,0.58,1.1,8,1,6,6,3,9,1,8,1,8,4,6,3,5,13,1,12,5
49-2011,"Computer, Automated Teller, and Office Machine Repairers",49,"Installation, Maintenance, and Repair",0,0.58,1.1,10,1,10,4,1,7,1,13,0,5,4,8,2,2,3,0,24,5
49-2021,"Radio, Cellular, and Tower Equipment Installers and Repairers",49,"Installation, Maintenance, and Repair",0,0.58,1.1,9,1,7,6,2,9,1,11,1,7,5,6,3,4,6,1,15,6
49-2022,"Telecommunications Equipment Installers and Repairers, Except Line Installers",49,"Installation, Maintenance, and Repair",0,0.58,1.1,11,1,9,4,1,10,1,17,1,6,3,6,3,3,3,2,12,7
49-2091,Avionics Technicians,49,"Installation, Maintenance, and Repair",0,0.58,1.1,11,1,9,4,1,8,2,9,1,9,4,5,2,5,6,1,18,4
49-2092,"Electric Motor, Power Tool, and Related Repairers",49,"Installation, Maintenance, and Repair",0,0.58,1.1,8,1,7,6,3,10,2,8,1,7,4,5,2,5,7,1,17,6
49-2093,"Electrical and Electronics Installers and Repairers, Transportation Equipment",49,"Installation, Maintenance, and Repair",0,0.58,1.1,9,1,7,4,3,9,1,8,1,8,5,6,1,4,7,1,19,6
49-2094,"Electrical and Electronics Repairers, Commercial and Industrial Equipment",49,"Installation, Maintenance, and Repair",0,0.58,1.1,10,1,7,4,3,11,2,8,1,7,5,7,1,5,4,1,20,3
49-2095,"Electrical and Electronics Repairers, Powerhouse, Substation, and Relay",49,"Installation, Maintenance, and Repair",0,0.58,1.1,10,1,8,4,2,12,2,7,1,8,5,5,1,4,4,1,20,5
49-2096,"Electronic Equipment Installers and Repairers, Motor Vehicles",49,"Installation, Maintenance, and Repair",0,0.58,1.1,8,1,10,5,2,10,1,10,1,7,5,7,3,5,6,1,12,6
49-2097,Audiovisual Equipment Installers and Repairers,49,"Installation, Maintenance, and Repair",0,0.58,1.1,11,1,10,5,3,9,1,12,1,7,4,6,5,3,7,1,11,3
49-2098,Security and Fire Alarm Systems Installers,49,"Installation, Maintenance, and Repair",0,0.58,1.1,10,1,8,5,2,9,1,13,1,7,4,6,1,3,4,0,18,7
49-3011,Aircraft Mechanics and Service Technicians,49,"Installation, Maintenance, and Repair",0,0.58,1.1,9,1,8,5,2,10,2,8,1,8,3,6,2,4,6,1,17,7
49-3021,Automotive Body and Related Repairers,49,"Installation, Maintenance, and Repair",0,0.58,1.1,7,1,9,7,2,10,1,8,0,7,5,7,2,4,6,1,16,7
49-3022,Automotive Glass Installers and Repairers,49,"Installation, Maintenance, and Repair",0,0.58,1.1,5,1,10,6,2,9,1,14,1,5,4,4,3,2,3,0,16,14
49-3023,Automotive Service Technicians and Mechanics,49,"Installation, Maintenance, and Repair",0,0.58,1.1,7,1,11,4,2,10,1,9,1,7,3,6,3,3,4,1,18,9
49-3031,Bus and Truck Mechanics and Diesel Engine Specialists,49,"Installation, Maintenance, and Repair",0,0.58,1.1,9,1,9,4,2,10,2,6,1,8,4,6,1,3,3,1,22,8
49-3041,Farm Equipment Mechanics and Service Technicians,49,"Installation, Maintenance, and Repair",0,0.58,1.1,8,1,8,4,1,9,2,13,1,5,4,4,3,2,4,1,23,7
49-3042,"Mobile Heavy Equipment Mechanics, Except Engines",49,"Installation, Maintenance, and Repair",0,0.58,1.1,8,1,7,5,2,9,2,8,1,6,5,6,2,3,5,1,21,8
49-3043,Rail Car Repairers,49,"Installation, Maintenance, and Repair",0,0.58,1.1,5,1,8,6,2,11,1,7,0,7,4,6,1,6,6,2,19,8
49-3051,Motorboat Mechanics and Service Technicians,49,"Installation, Maintenance, and Repair",0,0.58,1.1,7,1,10,4,2,9,1,11,1,6,3,6,2,2,4,1,20,10
49-3052,Motorcycle Mechanics,49,"Installation, Maintenance, and Repair",0,0.58,1.1,7,1,8,6,2,10,1,10,1,7,5,7,2,2,5,1,17,8
49-3053,Outdoor Power Equipment and Other Small Engine Mechanics,49,"Installation, Maintenance, and Repair",0,0.58,1.1,9,1,9,4,3,11,1,8,1,6,3,6,3,4,5,2,17,7
49-3091,Bicycle Repairers,49,"Installation, Maintenance, and Repair",0,0.58,1.1,6,1,10,5,1,8,2,15,0,4,2,5,8,3,8,4,14,4
49-3092,Recreational Vehicle Service Technicians,49,"Installation, Maintenance, and Repair",0,0.58,1.1,7,1,11,3,3,11,1,10,1,6,4,6,1,2,4,2,19,8
49-3093,Tire Repairers and Changers,49,"Installation, Maintenance, and Repair",0,0.58,1.1,6,1,7,4,3,11,1,11,1,8,3,5,3,5,6,1,15,9
49-9011,Mechanical Door Repairers,49,"Installation, Maintenance, and Repair",0,0.58,1.1,5,1,7,5,2,8,1,12,1,6,5,5,4,4,6,2,15,11
49-9012,"Control and Valve Installers and Repairers, Except Mechanical Door",49,"Installation, Maintenance, and Repair",0,0.58,1.1,8,1,8,5,2,9,2,9,1,7,4,6,2,4,6,2,18,6
49-9021,"Heating, Air Conditioning, and Refrigeration Mechanics and Installers",49,"Installation, Maintenance, and Repair",0,0.58,1.1,6,1,7,4,2,9,1,10,1,7,4,6,4,5,8,1,17,7
49-9031,Home Appliance Repairers,49,"Installation, Maintenance, and Repair",0,0.58,1.1,7,1,10,5,2,9,1,14,1,6,2,6,3,4,7,1,12,9
49-9041,Industrial Machinery Mechanics,49,"Installation, Maintenance, and Repair",0,0.58,1.1,8,1,8,4,2,11,1,7,1,6,5,7,1,5,6,2,18,7
49-9043,"Maintenance Workers, Machinery",49,"Installation, Maintenance, and Repair",0,0.58,1.1,6,1,8,6,1,9,2,7,1,6,5,6,1,4,5,1,24,7
49-9044,Millwrights,49,"Installation, Maintenance, and Repair",0,0.58,1.1,6,1,6,6,1,8,2,8,1,7,5,5,3,6,9,2,18,6
49-9045,"Refractory Materials Repairers, Except Brickmasons",49,"Installation, Maintenance, and Repair",0,0.58,1.1,5,1,7,6,2,10,1,7,1,7,4,6,2,6,7,2,15,11
49-9051,Electrical Power-Line Installers and Repairers,49,"Installation, Maintenance, and Repair",0,0.58,1.1,3,1,7,4,2,10,0,9,1,4,2,7,2,5,6,2,22,13
49-9052,Telecommunications Line Installers and Repairers,49,"Installation, Maintenance, and Repair",0,0.58,1.1,8,1,7,5,2,9,1,12,1,6,3,6,4,4,6,2,14,9
49-9061,Camera and Photographic Equipment Repairers,49,"Installation, Maintenance, and Repair",0,0.58,1.1,9,1,11,6,3,11,1,10,0,5,6,7,3,2,3,0,21,1
49-9062,Medical Equipment Repairers,49,"Installation, Maintenance, and Repair",0,0.58,1.1,10,1,9,6,2,10,2,10,1,8,3,6,1,2,3,1,21,4
49-9063,Musical Instrument Repairers and Tuners,49,"Installation, Maintenance, and Repair",0,0.58,1.1,7,0,9,8,3,11,1,12,0,5,6,8,3,3,4,1,14,5
49-9064,Watch and Clock Repairers,49,"Installation, Maintenance, and Repair",0,0.58,1.1,5,0,7,5,5,16,1,9,0,7,6,7,4,1,4,1,21,1
49-9071,"Maintenance and Repair Workers, General",49,"Installation, Maintenance, and Repair",0,0.58,1.1,7,1,7,6,2,9,1,10,1,6,5,6,2,3,6,1,20,7
49-9081,Wind Turbine Service Technicians,49,"Installation, Maintenance, and Repair",0,0.58,1.1,9,1,6,5,2,8,2,6,1,7,3,6,1,5,7,2,21,8
49-9091,"Coin, Vending, and Amusement Machine Servicers and Repairers",49,"Installation, Maintenance, and Repair",0,0.58,1.1,9,1,8,4,3,10,2,11,0,6,3,5,3,2,4,1,19,9
49-9092,Commercial Divers,49,"Installation, Maintenance, and Repair",0,0.58,1.1,5,1,7,5,2,9,1,10,1,6,3,6,2,5,9,2,17,9
49-9094,Locksmiths and Safe Repairers,49,"Installation, Maintenance, and Repair",0,0.58,1.1,8,1,7,6,2,7,1,12,1,7,4,5,4,4,9,1,15,6
49-9095,Manufactured Building and Mobile Home Installers,49,"Installation, Maintenance, and Repair",0,0.58,1.1,5,1,6,7,1,7,1,13,1,6,3,5,3,5,13,1,15,7
49-9096,Riggers,49,"Installation, Maintenance, and Repair",0,0.58,1.1,7,2,8,4,3,10,2,9,1,7,4,5,2,4,6,2,17,7
49-9097,Signal and Track Switch Repairers,49,"Installation, Maintenance, and Repair",0,0.58,1.1,7,1,8,7,1,8,2,8,1,8,3,5,2,4,5,2,19,9
49-9098,"Helpers--Installation, Maintenance, and Repair Workers",49,"Installation, Maintenance, and Repair",0,0.58,1.1,4,1,7,5,2,9,1,9,0,7,4,8,2,3,6,1,23,8
49-9099,Geothermal Technicians,49,"Installation, Maintenance, and Repair",0,0.58,1.1,7,1,8,6,3,9,2,7,1,7,4,6,1,4,8,1,17,8
51-1011,First-Line Supervisors of Production and Operating Workers,51,Production,0,0.58,1.0,9,1,7,6,2,10,1,8,1,8,4,6,3,6,12,1,12,3
51-2011,"Aircraft Structure, Surfaces, Rigging, and Systems Assemblers",51,Production,0,0.58,1.0,8,1,8,6,3,10,2,9,1,7,6,5,2,4,8,1,15,4
51-2021,"Coil Winders, Tapers, and Finishers",51,Production,0,0.58,1.0,6,1,9,6,3,13,1,7,1,7,2,7,2,6,6,2,16,5
51-2022,Electrical and Electronic Equipment Assemblers,51,Production,0,0.58,1.0,7,1,8,5,2,9,1,8,1,9,4,7,2,5,9,1,17,4
51-2023,Electromechanical Equipment Assemblers,51,Production,0,0.58,1.0,8,1,10,4,3,16,1,7,1,9,3,5,1,3,6,1,17,4
51-2031,Engine and Other Machine Assemblers,51,Production,0,0.58,1.0,6,1,8,3,2,10,1,8,0,7,4,5,2,4,6,2,23,8
51-2041,Structural Metal Fabricators and Fitters,51,Production,0,0.58,1.0,7,2,9,5,1,10,1,7,1,6,6,6,1,6,7,1,18,6
51-2051,Fiberglass Laminators and Fabricators,51,Production,0,0.58,1.0,5,1,8,4,3,13,2,8,1,7,3,7,2,6,8,1,15,6
51-2061,Timing Device Assemblers and Adjusters,51,Production,0,0.58,1.0,5,1,7,5,2,10,1,10,1,7,6,7,4,3,3,1,23,4
51-2092,Team Assemblers,51,Production,0,0.58,1.0,6,1,9,5,3,15,1,7,1,6,3,5,2,6,6,1,19,4
51-3011,Bakers,51,Production,0,0.58,1.0,5,1,9,7,2,16,1,9,1,5,3,6,3,7,7,3,12,3
51-3021,Butchers and Meat Cutters,51,Production,0,0.58,1.0,6,1,6,5,3,9,1,12,0,6,2,5,6,6,10,2,15,5
51-3022,"Meat, Poultry, and Fish Cutters and Trimmers",51,Production,0,0.58,1.0,6,1,8,5,3,12,1,8,1,7,2,5,3,6,9,2,16,5
51-3023,Slaughterers and Meat Packers,51,Production,0,0.58,1.0,4,1,8,4,2,14,1,9,1,5,2,6,1,5,7,1,22,7
51-3091,"Food and Tobacco Roasting, Baking, and Drying Machine Operators and Tenders",51,Production,0,0.58,1.0,9,1,6,4,2,10,1,9,1,9,2,6,2,5,9,1,18,5
51-3092,Food Batchmakers,51,Production,0,0.58,1.0,9,2,6,4,4,14,3,9,1,7,2,6,1,4,4,1,17,6
51-3093,Food Cooking Machine Operators and Tenders,51,Production,0,0.58,1.0,8,2,9,4,5,15,3,7,1,8,1,5,1,5,3,0,18,5
51-4021,"Extruding and Drawing Machine Setters, Operators, and Tenders, Metal and Plastic",51,Production,0,0.58,1.0,9,1,7,6,3,10,1,7,0,8,3,7,1,5,7,1,18,6
51-4022,"Forging Machine Setters, Operators, and Tenders, Metal and Plastic",51,Production,0,0.58,1.0,7,2,8,4,2,12,1,7,1,6,4,5,1,5,5,1,21,8
51-4023,"Rolling Machine Setters, Operators, and Tenders, Metal and Plastic",51,Production,0,0.58,1.0,7,1,8,4,2,9,1,6,0,7,4,6,2,5,7,1,23,7
51-4031,"Cutting, Punching, and Press Machine Setters, Operators, and Tenders, Metal and Plastic",51,Production,0,0.58,1.0,8,1,7,3,1,15,2,7,0,7,3,7,1,3,3,1,24,7
51-4032,"Drilling and Boring Machine Tool Setters, Operators, and Tenders, Metal and Plastic",51,Production,0,0.58,1.0,11,1,10,3,1,10,2,8,1,8,6,6,1,4,2,0,21,5
51-4033,"Grinding, Lapping, Polishing, and Buffing Machine Tool Setters, Operators, and Tenders, Metal and Plastic",51,Production,0,0.58,1.0,9,1,8,4,2,12,3,8,1,5,2,5,2,5,7,1,21,4
51-4034,"Lathe and Turning Machine Tool Setters, Operators, and Tenders, Metal and Plastic",51,Production,0,0.58,1.0,8,1,5,5,2,11,1,7,1,7,6,6,3,5,10,1,16,5
51-4035,"Milling and Planing Machine Setters, Operators, and Tenders, Metal and Plastic",51,Production,0,0.58,1.0,9,1,7,4,2,11,1,6,1,7,4,6,1,4,5,1,24,6
51-4041,Machinists,51,Production,0,0.58,1.0,8,1,9,5,2,12,1,6,1,6,5,5,2,5,6,1,21,4
51-4051,Metal-Refining Furnace Operators and Tenders,51,Production,0,0.58,1.0,6,1,8,5,3,13,2,7,1,7,3,5,2,5,8,1,16,7
51-4052,"Pourers and Casters, Metal",51,Production,0,0.58,1.0,7,1,6,4,2,12,1,9,1,5,2,4,2,6,9,1,18,10
51-4061,"Model Makers, Metal and Plastic",51,Production,0,0.58,1.0,6,1,9,4,3,16,1,6,1,6,8,6,1,1,2,1,24,4
51-4062,"Patternmakers, Metal and Plastic",51,Production,0,0.58,1.0,8,1,9,7,1,10,1,6,0,6,8,7,1,5,4,0,21,5
51-4071,Foundry Mold and Coremakers,51,Production,0,0.58,1.0,6,1,7,4,3,15,2,6,0,6,2,5,2,4,6,1,19,11
51-4072,"Molding, Coremaking, and Casting Machine Setters, Operators, and Tenders, Metal and Plastic",51,Production,0,0.58,1.0,6,1,8,5,2,13,1,7,1,6,2,5,1,4,6,1,24,7
51-4081,"Multiple Machine Tool Setters, Operators, and Tenders, Metal and Plastic",51,Production,0,0.58,1.0,9,1,8,5,4,12,2,6,1,9,3,6,1,5,5,1,18,4
51-4111,Tool and Die Makers,51,Production,0,0.58,1.0,7,1,11,5,2,11,1,6,1,7,9,7,1,4,5,0,18,4
51-4121,"Welders, Cutters, Solderers, and Brazers",51,Production,0,0.58,1.0,5,1,10,5,3,14,1,7,1,6,4,6,1,4,4,2,18,8
51-4122,"Welding, Soldering, and Brazing Machine Setters, Operators, and Tenders",51,Production,0,0.58,1.0,6,1,8,3,2,12,1,6,1,7,6,6,2,4,7,2,20,6
51-4191,"Heat Treating Equipment Setters, Operators, and Tenders, Metal and Plastic",51,Production,0,0.58,1.0,8,1,6,4,3,12,2,8,1,6,2,5,2,6,4,1,18,11
51-4192,"Layout Workers, Metal and Plastic",51,Production,0,0.58,1.0,5,1,8,6,2,9,1,9,1,7,6,5,3,4,8,2,17,6
51-4193,"Plating Machine Setters, Operators, and Tenders, Metal and Plastic",51,Production,0,0.58,1.0,5,2,7,5,2,15,1,8,1,6,3,6,2,6,6,1,18,6
51-4194,"Tool Grinders, Filers, and Sharpeners",51,Production,0,0.58,1.0,8,1,9,5,4,12,2,6,0,6,4,6,2,4,4,1,21,5
51-5111,Prepress Technicians and Workers,51,Production,0,0.58,1.0,11,2,11,7,3,9,1,10,1,6,6,7,2,5,8,1,9,1
51-5112,Printing Press Operators,51,Production,0,0.58,1.0,7,1,7,8,2,8,1,9,1,6,4,6,3,5,9,2,15,6
51-5113,Print Binding and Finishing Workers,51,Production,0,0.58,1.0,7,1,8,5,3,13,1,8,1,6,3,6,2,5,6,1,19,5
51-6011,Laundry and Dry-Cleaning Workers,51,Production,0,0.58,1.0,4,1,4,8,2,10,0,11,0,5,2,4,3,6,12,3,19,6
51-6021,"Pressers, Textile, Garment, and Related Materials",51,Production,0,0.58,1.0,4,1,8,8,2,8,1,6,1,5,4,5,2,4,5,4,23,9
51-6031,Sewing Machine Operators,51,Production,0,0.58,1.0,5,1,8,5,3,11,1,8,1,5,4,5,2,5,6,2,23,5
51-6041,Shoe and Leather Workers and Repairers,51,Production,0,0.58,1.0,5,1,6,3,4,13,0,9,1,8,5,6,3,4,8,2,17,5
51-6042,Shoe Machine Operators and Tenders,51,Production,0,0.58,1.0,7,1,6,5,3,8,1,10,1,6,5,5,3,6,11,2,16,4
51-6051,"Sewers, Hand",51,Production,0,0.58,1.0,6,1,9,10,3,12,0,6,1,5,4,9,1,3,1,6,22,1
51-6052,"Tailors, Dressmakers, and Custom Sewers",51,Production,0,0.58,1.0,3,1,9,10,2,11,1,10,1,5,7,9,5,1,4,1,15,5
51-6061,Textile Bleaching and Dyeing Machine Operators and Tenders,51,Production,0,0.58,1.0,8,1,11,6,2,13,1,6,1,7,3,6,1,4,4,1,18,7
51-6062,"Textile Cutting Machine Setters, Operators, and Tenders",51,Production,0,0.58,1.0,8,1,7,4,4,13,1,7,1,6,3,5,1,5,8,1,19,6
51-6063,"Textile Knitting and Weaving Machine Setters, Operators, and Tenders",51,Production,0,0.58,1.0,7,2,8,5,3,12,1,8,1,8,3,5,2,4,6,1,19,5
51-6064,"Textile Winding, Twisting, and Drawing Out Machine Setters, Operators, and Tenders",51,Production,0,0.58,1.0,6,2,9,4,5,13,1,7,1,6,3,6,1,5,5,1,20,5
51-6091,"Extruding and Forming Machine Setters, Operators, and Tenders, Synthetic and Glass Fibers",51,Production,0,0.58,1.0,8,1,9,3,3,15,2,6,1,7,2,5,1,5,6,1,17,8
51-6092,Fabric and Apparel Patternmakers,51,Production,0,0.58,1.0,11,2,10,5,3,12,2,11,1,7,7,7,1,3,6,1,8,3
51-6093,Upholsterers,51,Production,0,0.58,1.0,6,1,8,6,4,10,0,9,0,6,5,6,5,4,9,1,14,6
51-7011,Cabinetmakers and Bench Carpenters,51,Production,0,0.58,1.0,5,1,8,5,5,10,0,10,1,6,5,6,4,2,4,1,20,7
51-7021,Furniture Finishers,51,Production,0,0.58,1.0,5,1,9,5,3,12,1,9,1,7,4,7,3,4,9,2,13,5
51-7031,"Model Makers, Wood",51,Production,0,0.58,1.0,6,1,7,5,3,9,1,9,1,6,7,6,2,5,3,1,21,7
51-7032,"Patternmakers, Wood",51,Production,0,0.58,1.0,7,1,8,5,2,11,0,7,1,6,12,8,1,3,4,0,17,7
51-7041,"Sawing Machine Setters, Operators, and Tenders, Wood",51,Production,0,0.58,1.0,3,1,6,4,4,11,1,7,1,4,3,4,2,6,6,1,26,10
51-7042,"Woodworking Machine Setters, Operators, and Tenders, Except Sawing",51,Production,0,0.58,1.0,6,2,8,3,3,12,1,6,0,5,3,6,1,3,5,1,28,7
51-8011,Nuclear Power Reactor Operators,51,Production,0,0.58,1.0,15,1,10,5,2,13,3,8,1,11,2,5,1,5,7,0,10,1
51-8012,Power Distributors and Dispatchers,51,Production,0,0.58,1.0,14,2,10,6,3,13,2,12,1,12,2,7,1,3,7,1,4,0
51-8013,Power Plant Operators,51,Production,0,0.58,1.0,9,1,7,4,2,11,2,8,1,8,4,6,2,5,7,1,16,6
51-8021,Stationary Engineers and Boiler Operators,51,Production,0,0.58,1.0,9,1,7,6,2,10,2,7,1,7,4,6,2,5,8,2,16,5
51-8031,Water and Wastewater Treatment Plant and System Operators,51,Production,0,0.58,1.0,10,1,6,5,2,10,2,9,1,10,2,6,2,5,9,1,13,6
51-8091,Chemical Plant and System Operators,51,Production,0,0.58,1.0,10,1,10,1,2,15,2,7,1,9,0,5,1,7,5,0,19,5
51-8092,Gas Plant Operators,51,Production,0,0.58,1.0,10,1,8,4,3,12,2,8,1,10,3,7,1,4,6,1,15,4
51-8093,"Petroleum Pump System Operators, Refinery Operators, and Gaugers",51,Production,0,0.58,1.0,7,2,7,4,3,13,2,9,1,7,1,5,1,5,6,1,18,8
51-8099,Biofuels Processing Technicians,51,Production,0,0.58,1.0,11,2,7,4,2,12,2,9,1,7,2,6,2,4,6,1,15,7
51-9011,Chemical Equipment Operators and Tenders,51,Production,0,0.58,1.0,9,1,7,3,3,11,2,9,1,8,2,5,2,6,8,2,15,6
51-9012,"Separating, Filtering, Clarifying, Precipitating, and Still Machine Setters, Operators, and Tenders",51,Production,0,0.58,1.0,9,2,8,3,2,14,2,7,1,8,2,6,2,5,6,1,15,7
51-9021,"Crushing, Grinding, and Polishing Machine Setters, Operators, and Tenders",51,Production,0,0.58,1.0,10,2,8,5,2,12,2,8,1,7,1,5,1,4,6,2,18,6
51-9022,"Grinding and Polishing Workers, Hand",51,Production,0,0.58,1.0,5,1,7,5,3,9,0,8,1,8,7,7,2,5,5,2,17,8
51-9023,"Mixing and Blending Machine Setters, Operators, and Tenders",51,Production,0,0.58,1.0,6,1,8,5,1,10,2,8,1,5,2,4,1,6,8,2,20,10
51-9031,"Cutters and Trimmers, Hand",51,Production,0,0.58,1.0,8,1,6,4,5,11,1,9,0,7,2,5,3,5,8,2,17,6
51-9032,"Cutting and Slicing Machine Setters, Operators, and Tenders",51,Production,0,0.58,1.0,8,1,5,3,3,10,1,7,1,8,2,5,3,6,9,2,19,7
51-9041,"Extruding, Forming, Pressing, and Compacting Machine Setters, Operators, and Tenders",51,Production,0,0.58,1.0,11,1,8,3,2,12,2,7,1,7,2,5,1,5,5,1,21,6
51-9051,"Furnace, Kiln, Oven, Drier, and Kettle Operators and Tenders",51,Production,0,0.58,1.0,7,1,8,4,2,15,2,6,1,6,2,6,2,3,6,2,19,8
51-9061,"Inspectors, Testers, Sorters, Samplers, and Weighers",51,Production,0,0.58,1.0,11,2,8,4,3,12,3,8,0,8,3,5,3,4,5,2,14,5
51-9071,Jewelers and Precious Stone and Metal Workers,51,Production,0,0.58,1.0,7,1,8,6,5,13,1,11,0,5,7,7,4,3,6,1,14,1
51-9081,Dental Laboratory Technicians,51,Production,0,0.58,1.0,8,1,8,6,2,11,1,9,1,8,6,7,3,5,8,1,13,2
51-9082,Medical Appliance Technicians,51,Production,0,0.58,1.0,7,1,8,6,4,11,1,11,1,7,5,6,2,4,8,3,12,3
51-9083,Ophthalmic Laboratory Technicians,51,Production,0,0.58,1.0,11,1,10,6,2,11,2,10,1,7,2,5,3,4,7,3,13,2
51-9111,Packaging and Filling Machine Operators and Tenders,51,Production,0,0.58,1.0,8,1,7,5,2,12,1,7,1,8,4,6,3,6,7,2,14,6
51-9123,"Painting, Coating, and Decorating Workers",51,Production,0,0.58,1.0,6,2,8,6,3,14,0,11,1,6,3,7,1,7,7,2,13,3
51-9124,"Coating, Painting, and Spraying Machine Setters, Operators, and Tenders",51,Production,0,0.58,1.0,7,1,9,5,3,14,1,5,1,8,2,6,3,5,7,2,17,4
51-9141,Semiconductor Processing Technicians,51,Production,0,0.58,1.0,8,1,8,5,2,13,1,8,1,6,3,4,1,6,7,2,18,6
51-9151,Photographic Process Workers and Processing Machine Operators,51,Production,0,0.58,1.0,10,1,9,6,2,8,1,13,0,4,4,6,4,4,5,1,21,1
51-9161,Computer Numerically Controlled Tool Operators,51,Production,0,0.58,1.0,8,1,7,5,3,13,1,6,1,8,4,5,2,4,4,1,23,4
51-9162,Computer Numerically Controlled Tool Programmers,51,Production,0,0.58,1.0,13,1,8,5,2,10,2,9,1,7,7,7,1,4,4,1,14,4
51-9191,Adhesive Bonding Machine Operators and Tenders,51,Production,0,0.58,1.0,6,1,7,5,3,14,1,6,1,5,1,4,1,4,6,1,24,10
51-9192,"Cleaning, Washing, and Metal Pickling Equipment Operators and Tenders",51,Production,0,0.58,1.0,11,1,7,4,2,11,3,9,1,6,1,5,3,4,5,2,17,8
51-9193,Cooling and Freezing Equipment Operators and Tenders,51,Production,0,0.58,1.0,9,1,7,4,2,11,2,8,1,7,2,5,2,5,6,1,21,6
51-9194,Etchers and Engravers,51,Production,0,0.58,1.0,8,1,8,7,3,11,1,9,1,7,6,5,2,4,5,2,16,4
51-9195,"Molders, Shapers, and Casters, Except Metal and Plastic",51,Production,0,0.58,1.0,6,1,8,5,3,10,1,8,1,6,5,6,2,3,5,1,21,8
51-9196,"Paper Goods Machine Setters, Operators, and Tenders",51,Production,0,0.58,1.0,6,1,7,4,3,12,2,9,1,5,3,5,2,6,9,3,18,4
51-9197,Tire Builders,51,Production,0,0.58,1.0,7,1,8,6,3,12,1,8,1,6,2,5,2,3,8,1,19,7
51-9198,Helpers--Production Workers,51,Production,0,0.58,1.0,7,1,7,4,2,12,1,9,1,6,3,4,2,3,6,2,21,9
53-1041,Aircraft Cargo Handling Supervisors,53,Transportation and Material Moving,0,0.6,1.0,9,1,8,6,2,8,1,12,1,6,2,5,3,5,12,2,11,6
53-1042,"First-Line Supervisors of Helpers, Laborers, and Material Movers, Hand",53,Transportation and Material Moving,0,0.6,1.0,10,1,7,7,2,9,2,11,1,7,3,7,5,6,12,1,7,2
53-1043,First-Line Supervisors of Material-Moving Machine and Vehicle Operators,53,Transportation and Material Moving,0,0.6,1.0,10,1,7,5,1,9,2,11,1,7,2,5,4,6,14,2,10,3
53-2011,"Airline Pilots, Copilots, and Flight Engineers",53,Transportation and Material Moving,0,0.6,1.0,9,1,10,3,3,16,1,8,1,10,1,7,2,4,5,1,12,6
53-2012,Commercial Pilots,53,Transportation and Material Moving,0,0.6,1.0,8,1,6,5,2,10,2,11,1,8,3,7,2,4,8,1,15,6
53-2021,Air Traffic Controllers,53,Transportation and Material Moving,0,0.6,1.0,10,2,11,5,3,12,1,13,1,10,4,9,2,8,5,1,3,0
53-2022,Airfield Operations Specialists,53,Transportation and Material Moving,0,0.6,1.0,10,1,8,5,1,11,2,11,1,8,2,6,3,5,9,1,10,6
53-2031,Flight Attendants,53,Transportation and Material Moving,0,0.6,1.0,6,1,9,6,2,13,1,14,0,7,2,6,6,2,5,5,10,5
53-3011,"Ambulance Drivers and Attendants, Except Emergency Medical Technicians",53,Transportation and Material Moving,0,0.6,1.0,8,1,8,4,1,9,2,16,1,5,3,4,2,3,6,5,13,9
53-3031,Driver/Sales Workers,53,Transportation and Material Moving,0,0.6,1.0,6,1,8,7,1,11,2,15,1,6,2,3,3,1,4,1,13,15
53-3032,Heavy and Tractor-Trailer Truck Drivers,53,Transportation and Material Moving,0,0.6,1.0,7,1,9,4,3,13,2,11,0,7,2,4,2,2,3,1,17,12
53-3033,Light Truck Drivers,53,Transportation and Material Moving,0,0.6,1.0,6,1,7,5,2,10,2,11,1,6,3,5,4,4,4,2,16,11
53-3051,"Bus Drivers, School",53,Transportation and Material Moving,0,0.6,1.0,5,1,8,6,3,13,2,10,1,6,3,6,3,3,5,5,12,8
53-3052,"Bus Drivers, Transit and Intercity",53,Transportation and Material Moving,0,0.6,1.0,6,2,8,3,2,11,1,17,1,6,1,6,3,5,3,4,11,10
53-3053,Shuttle Drivers and Chauffeurs,53,Transportation and Material Moving,0,0.6,1.0,7,1,9,5,2,11,2,13,0,7,2,5,3,4,5,5,10,9
53-4011,Locomotive Engineers,53,Transportation and Material Moving,0,0.6,1.0,7,1,7,4,3,12,2,8,1,9,2,5,1,5,7,1,17,8
53-4013,"Rail Yard Engineers, Dinkey Operators, and Hostlers",53,Transportation and Material Moving,0,0.6,1.0,7,1,8,4,3,10,2,9,1,8,2,5,2,5,8,1,16,8
53-4022,"Railroad Brake, Signal, and Switch Operators and Locomotive Firers",53,Transportation and Material Moving,0,0.6,1.0,5,1,11,4,3,14,1,9,1,8,1,5,1,4,6,1,17,8
53-4031,Railroad Conductors and Yardmasters,53,Transportation and Material Moving,0,0.6,1.0,9,2,11,5,2,11,3,10,1,7,1,4,1,4,6,2,14,7
53-4041,Subway and Streetcar Operators,53,Transportation and Material Moving,0,0.6,1.0,5,1,10,3,1,13,1,15,0,6,1,5,2,4,2,2,19,10
53-5011,Sailors and Marine Oilers,53,Transportation and Material Moving,0,0.6,1.0,6,1,7,4,4,13,1,6,0,7,3,6,2,5,6,2,20,7
53-5021,"Captains, Mates, and Pilots of Water Vessels",53,Transportation and Material Moving,0,0.6,1.0,7,1,7,5,2,11,1,9,1,6,3,6,3,5,8,2,15,8
53-5022,Motorboat Operators,53,Transportation and Material Moving,0,0.6,1.0,6,1,4,2,2,14,2,13,1,4,2,6,3,4,7,1,19,9
53-5031,Ship Engineers,53,Transportation and Material Moving,0,0.6,1.0,6,1,6,6,2,11,1,9,1,8,3,6,2,4,7,2,19,6
53-6011,Bridge and Lock Tenders,53,Transportation and Material Moving,0,0.6,1.0,11,2,8,3,1,7,3,14,0,6,1,4,2,8,6,2,17,5
53-6021,Parking Attendants,53,Transportation and Material Moving,0,0.6,1.0,7,2,7,4,3,9,2,23,1,4,1,4,2,3,6,3,12,7
53-6031,Automotive and Watercraft Service Attendants,53,Transportation and Material Moving,0,0.6,1.0,6,1,9,4,3,9,1,14,1,7,3,6,3,3,5,1,16,8
53-6041,Traffic Technicians,53,Transportation and Material Moving,0,0.6,1.0,12,1,9,6,2,9,2,13,1,9,4,6,2,2,6,0,10,6
53-6051,Transportation Inspectors,53,Transportation and Material Moving,0,0.6,1.0,9,1,10,5,2,11,2,11,1,10,3,5,2,3,4,1,13,7
53-6061,Passenger Attendants,53,Transportation and Material Moving,0,0.6,1.0,3,2,11,4,1,10,0,17,0,3,2,6,9,4,8,8,7,5
53-7011,Conveyor Operators and Tenders,53,Transportation and Material Moving,0,0.6,1.0,6,1,7,5,3,13,1,9,1,7,3,5,2,4,7,2,16,8
53-7021,Crane and Tower Operators,53,Transportation and Material Moving,0,0.6,1.0,5,1,8,4,3,11,1,9,1,7,3,6,2,3,8,1,19,8
53-7031,Dredge Operators,53,Transportation and Material Moving,0,0.6,1.0,4,1,8,2,2,10,1,11,1,6,2,6,1,4,8,1,25,7
53-7041,Hoist and Winch Operators,53,Transportation and Material Moving,0,0.6,1.0,5,1,7,5,2,12,1,7,1,4,2,6,1,5,9,2,23,7
53-7051,Industrial Truck and Tractor Operators,53,Transportation and Material Moving,0,0.6,1.0,7,1,6,7,2,10,1,8,1,7,3,5,3,5,8,2,15,9
53-7061,Cleaners of Vehicles and Equipment,53,Transportation and Material Moving,0,0.6,1.0,7,1,6,5,2,7,1,12,1,6,3,6,3,6,11,2,13,8
53-7062,"Laborers and Freight, Stock, and Material Movers, Hand",53,Transportation and Material Moving,0,0.6,1.0,5,2,8,6,2,10,1,8,1,5,2,4,3,8,10,2,15,8
53-7063,Machine Feeders and Offbearers,53,Transportation and Material Moving,0,0.6,1.0,7,1,8,3,3,12,2,8,0,6,1,4,1,4,5,2,26,7
53-7064,"Packers and Packagers, Hand",53,Transportation and Material Moving,0,0.6,1.0,5,1,9,4,3,12,1,8,1,6,3,5,3,6,8,3,18,4
53-7065,Stockers and Order Fillers,53,Transportation and Material Moving,0,0.6,1.0,9,2,8,5,2,10,1,14,1,4,2,4,4,5,9,2,11,7
53-7071,Gas Compressor and Gas Pumping Station Operators,53,Transportation and Material Moving,0,0.6,1.0,10,1,8,4,2,11,2,6,0,7,2,6,1,4,7,1,21,7
53-7072,"Pump Operators, Except Wellhead Pumpers",53,Transportation and Material Moving,0,0.6,1.0,7,1,7,6,3,12,2,7,1,7,4,6,2,3,5,2,18,7
53-7073,Wellhead Pumpers,53,Transportation and Material Moving,0,0.6,1.0,9,1,5,6,3,10,2,8,1,7,3,5,2,5,7,2,17,7
53-7081,Refuse and Recyclable Material Collectors,53,Transportation and Material Moving,0,0.6,1.0,3,2,7,2,1,10,1,11,0,6,1,3,0,2,5,1,24,21
53-7121,"Tank Car, Truck, and Ship Loaders",53,Transportation and Material Moving,0,0.6,1.0,8,1,8,6,3,12,2,7,1,8,3,6,2,4,6,1,14,8
